DataInicial;DataFinal;TotalDeDebitos;AjustesDeDebitos;TotalDeAjustesDeDebitos;EstornosDeCreditos;TotalDeCreditos;AjustesDeCreditos;TotalDeAjustesDeCreditos;EstornosDeDebitos;SaldoCredorAnterior;SaldoApurado;TotalDeDeducoes;IcmsARecolher;SaldoCredorATransportar;ValoresRecolhidosExtraApuracao;Estado;Apuracao;Utilizacao;Sequencia;IdOrganizacao
20180201;20180228;1408,41;0;0;0;0;0;0;0;0;18750,31;0;18750,31;0;0;;;;0;638874765002145
20180201;20180228;0;0;0;0;0;0;159,7;0;0;0;0;0;0;0;SP;ICMS;OUTROS CREDITOS;718;638874765002145
20180201;20180228;0;0;0;0;0;0;202,08;0;0;0;0;0;0;0;SP;ICMS;OUTROS CREDITOS;718;638874765002145
20180201;20180228;0;0;239,55;0;0;0;0;0;0;0;0;0;0;0;SP;ICMS;OUTROS DEBITOS;287;638874765002145
20180201;20180228;0;0;303,12;0;0;0;0;0;0;0;0;0;0;0;SP;ICMS;OUTROS DEBITOS;287;638874765002145
20180201;20180228;0;0;0;0;0;0;617,44;0;0;0;0;0;0;0;SP;ICMS;OUTROS CREDITOS;718;638874765002145
20180201;20180228;0;0;926,16;0;0;0;0;0;0;0;0;0;0;0;SP;ICMS;OUTROS DEBITOS;287;638874765002145
20180201;20180228;0;0;0;0;0;0;1300,23;0;0;0;0;0;0;0;SP;ICMS;OUTROS CREDITOS;718;638874765002145
20180201;20180228;0;0;0;0;0;0;1346,6;0;0;0;0;0;0;0;SP;ICMS;OUTROS CREDITOS;718;638874765002145
20180201;20180228;0;0;0;0;0;0;1415,26;0;0;0;0;0;0;0;SP;ICMS;OUTROS CREDITOS;718;638874765002145
20180201;20180228;0;0;0;0;0;0;1734,91;0;0;0;0;0;0;0;SP;ICMS;OUTROS CREDITOS;718;638874765002145
20180201;20180228;0;0;0;0;0;0;1751,16;0;0;0;0;0;0;0;SP;ICMS;OUTROS CREDITOS;718;638874765002145
20180201;20180228;0;0;1950,39;0;0;0;0;0;0;0;0;0;0;0;SP;ICMS;OUTROS DEBITOS;287;638874765002145
20180201;20180228;0;0;2019,9;0;0;0;0;0;0;0;0;0;0;0;SP;ICMS;OUTROS DEBITOS;287;638874765002145
20180201;20180228;0;0;2602,37;0;0;0;0;0;0;0;0;0;0;0;SP;ICMS;OUTROS DEBITOS;287;638874765002145
20180201;20180228;0;0;3143,52;0;0;0;0;0;0;0;0;0;0;0;SP;ICMS;OUTROS DEBITOS;287;638874765002145
20180201;20180228;0;0;6368,69;0;0;0;0;0;0;0;0;0;0;0;SP;ICMS;OUTROS DEBITOS;287;638874765002145
20180201;20180228;0;0;0;0;0;0;16631,16;0;0;0;0;0;0;0;SP;ICMS;OUTROS CREDITOS;718;638874765002145
20180201;20180228;0;0;24946,74;0;0;0;0;0;0;0;0;0;0;0;SP;ICMS;OUTROS DEBITOS;287;638874765002145
20180101;20180131;8381,72;0;0;0;0;0;0;0;0;46318,37;0;46318,37;0;0;;;;0;638874765002145
20180101;20180131;0;0;0;0;0;0;108,67;0;0;0;0;0;0;0;SP;ICMS;OUTROS CREDITOS;718;638874765002145
20180101;20180131;0;0;0;0;0;0;141,63;0;0;0;0;0;0;0;SP;ICMS;OUTROS CREDITOS;718;638874765002145
20180101;20180131;0;0;0;0;0;0;144,45;0;0;0;0;0;0;0;SP;ICMS;OUTROS CREDITOS;718;638874765002145
20180101;20180131;0;0;163;0;0;0;0;0;0;0;0;0;0;0;SP;ICMS;OUTROS DEBITOS;287;638874765002145
20180101;20180131;0;0;0;0;0;0;172,26;0;0;0;0;0;0;0;SP;ICMS;OUTROS CREDITOS;718;638874765002145
20180101;20180131;0;0;212,44;0;0;0;0;0;0;0;0;0;0;0;SP;ICMS;OUTROS DEBITOS;287;638874765002145
20180101;20180131;0;0;216,67;0;0;0;0;0;0;0;0;0;0;0;SP;ICMS;OUTROS DEBITOS;287;638874765002145
20180101;20180131;0;0;0;0;0;0;0;239,67;0;0;0;0;0;0;SP;ICMS;ESTORNO DE DEBITOS;899;638874765002145
20180101;20180131;0;0;1906,92;0;0;0;0;0;0;0;0;0;0;0;SP;ICMS;OUTROS DEBITOS;287;638874765002145
20180101;20180131;0;0;0;0;0;0;424,8;0;0;0;0;0;0;0;SP;ICMS;OUTROS CREDITOS;718;638874765002145
20180101;20180131;0;0;0;0;0;0;630,44;0;0;0;0;0;0;0;SP;ICMS;OUTROS CREDITOS;718;638874765002145
20180101;20180131;0;0;637,2;0;0;0;0;0;0;0;0;0;0;0;SP;ICMS;OUTROS DEBITOS;287;638874765002145
20180101;20180131;0;0;775,17;0;0;0;0;0;0;0;0;0;0;0;SP;ICMS;OUTROS DEBITOS;287;638874765002145
20180101;20180131;0;0;2836,98;0;0;0;0;0;0;0;0;0;0;0;SP;ICMS;OUTROS DEBITOS;287;638874765002145
20180101;20180131;0;0;0;0;0;0;4597,79;0;0;0;0;0;0;0;SP;ICMS;OUTROS CREDITOS;718;638874765002145
20180101;20180131;0;0;0;0;0;0;4829,25;0;0;0;0;0;0;0;SP;ICMS;OUTROS CREDITOS;718;638874765002145
20180101;20180131;0;0;8718,26;0;0;0;0;0;0;0;0;0;0;0;SP;ICMS;OUTROS DEBITOS;287;638874765002145
20180101;20180131;0;0;18309,21;0;0;0;0;0;0;0;0;0;0;0;SP;ICMS;OUTROS DEBITOS;287;638874765002145
20180101;20180131;0;0;0;0;0;0;30899,52;0;0;0;0;0;0;0;SP;ICMS;OUTROS CREDITOS;718;638874765002145
20180101;20180131;0;0;46349,28;0;0;0;0;0;0;0;0;0;0;0;SP;ICMS;OUTROS DEBITOS;287;638874765002145
20181001;20181031;3182,98;0;0;0;0;0;0;0;0;737815,26;0;737815,26;0;0;;;;0;638874765002145
20181001;20181031;0;0;0;0;0;0;3,31;0;0;0;0;0;0;0;SP;ICMS;OUTROS CREDITOS;718;638874765002145
20181001;20181031;0;0;14,91;0;0;0;0;0;0;0;0;0;0;0;SP;ICMS;OUTROS DEBITOS;287;638874765002145
20181001;20181031;0;0;0;0;0;0;45,85;0;0;0;0;0;0;0;SP;ICMS;OUTROS CREDITOS;718;638874765002145
20181001;20181031;0;0;68,78;0;0;0;0;0;0;0;0;0;0;0;SP;ICMS;OUTROS DEBITOS;287;638874765002145
20181001;20181031;0;0;0;0;0;0;174,91;0;0;0;0;0;0;0;SP;ICMS;OUTROS CREDITOS;718;638874765002145
20181001;20181031;0;0;0;0;0;0;189,78;0;0;0;0;0;0;0;SP;ICMS;OUTROS CREDITOS;718;638874765002145
20181001;20181031;0;0;0;0;0;0;213,36;0;0;0;0;0;0;0;SP;ICMS;OUTROS CREDITOS;718;638874765002145
20181001;20181031;0;0;262,36;0;0;0;0;0;0;0;0;0;0;0;SP;ICMS;OUTROS DEBITOS;287;638874765002145
20181001;20181031;0;0;0;0;0;0;0;264;0;0;0;0;0;0;SP;ICMS;ESTORNO DE DEBITOS;899;638874765002145
20181001;20181031;0;0;284,67;0;0;0;0;0;0;0;0;0;0;0;SP;ICMS;OUTROS DEBITOS;287;638874765002145
20181001;20181031;0;0;477,78;0;0;0;0;0;0;0;0;0;0;0;SP;ICMS;OUTROS DEBITOS;287;638874765002145
20181001;20181031;0;0;0;0;0;0;1176,66;0;0;0;0;0;0;0;SP;ICMS;OUTROS CREDITOS;718;638874765002145
20181001;20181031;0;0;0;0;0;0;1395,09;0;0;0;0;0;0;0;SP;ICMS;OUTROS CREDITOS;718;638874765002145
20181001;20181031;0;0;1765;0;0;0;0;0;0;0;0;0;0;0;SP;ICMS;OUTROS DEBITOS;287;638874765002145
20181001;20181031;0;0;2092,63;0;0;0;0;0;0;0;0;0;0;0;SP;ICMS;OUTROS DEBITOS;287;638874765002145
20181001;20181031;0;0;0;0;0;0;2326,67;0;0;0;0;0;0;0;SP;ICMS;OUTROS CREDITOS;718;638874765002145
20181001;20181031;0;0;0;0;0;0;2573,82;0;0;0;0;0;0;0;SP;ICMS;OUTROS CREDITOS;718;638874765002145
20181001;20181031;0;0;0;0;0;0;2884,35;0;0;0;0;0;0;0;SP;ICMS;OUTROS CREDITOS;718;638874765002145
20181001;20181031;0;0;3490,01;0;0;0;0;0;0;0;0;0;0;0;SP;ICMS;OUTROS DEBITOS;287;638874765002145
20181001;20181031;0;0;3860,73;0;0;0;0;0;0;0;0;0;0;0;SP;ICMS;OUTROS DEBITOS;287;638874765002145
20181001;20181031;0;0;0;0;0;0;4547,18;0;0;0;0;0;0;0;SP;ICMS;OUTROS CREDITOS;718;638874765002145
20181001;20181031;0;0;0;0;0;0;4866;0;0;0;0;0;0;0;SP;ICMS;OUTROS CREDITOS;718;638874765002145
20181001;20181031;0;0;0;0;0;0;5728,08;0;0;0;0;0;0;0;SP;ICMS;OUTROS CREDITOS;718;638874765002145
20181001;20181031;0;0;8764,38;0;0;0;0;0;0;0;0;0;0;0;SP;ICMS;OUTROS DEBITOS;287;638874765002145
20181001;20181031;0;0;9821,33;0;0;0;0;0;0;0;0;0;0;0;SP;ICMS;OUTROS DEBITOS;287;638874765002145
20181001;20181031;0;0;20462,3;0;0;0;0;0;0;0;0;0;0;0;SP;ICMS;OUTROS DEBITOS;287;638874765002145
20181001;20181031;0;0;21897;0;0;0;0;0;0;0;0;0;0;0;SP;ICMS;OUTROS DEBITOS;287;638874765002145
20181001;20181031;0;0;0;0;0;0;56298,13;0;0;0;0;0;0;0;SP;ICMS;OUTROS CREDITOS;718;638874765002145
20181001;20181031;0;0;0;0;0;0;66712,26;0;0;0;0;0;0;0;SP;ICMS;OUTROS CREDITOS;718;638874765002145
20181001;20181031;0;0;0;0;0;0;98672,55;0;0;0;0;0;0;0;SP;ICMS;OUTROS CREDITOS;718;638874765002145
20181001;20181031;0;0;227932,76;0;0;0;0;0;0;0;0;0;0;0;SP;ICMS;OUTROS DEBITOS;287;638874765002145
20181001;20181031;0;0;249106,35;0;0;0;0;0;0;0;0;0;0;0;SP;ICMS;OUTROS DEBITOS;287;638874765002145
20181001;20181031;0;0;432403,29;0;0;0;0;0;0;0;0;0;0;0;SP;ICMS;OUTROS DEBITOS;287;638874765002145
20180901;20180930;0;0;0;0;0;0;0;0;0;0;0;0;0;0;;;;0;638874765002145
20180701;20180731;0;0;0;0;0;0;0;0;0;109300,44;0;109300,44;0;0;;;;0;638874765002145
20180701;20180731;0;0;0;0;0;0;54,96;0;0;0;0;0;0;0;SP;ICMS;OUTROS CREDITOS;718;638874765002145
20180701;20180731;0;0;82,44;0;0;0;0;0;0;0;0;0;0;0;SP;ICMS;OUTROS DEBITOS;287;638874765002145
20180701;20180731;0;0;0;0;0;0;143,24;0;0;0;0;0;0;0;SP;ICMS;OUTROS CREDITOS;718;638874765002145
20180701;20180731;0;0;421,69;0;0;0;0;0;0;0;0;0;0;0;SP;ICMS;OUTROS DEBITOS;287;638874765002145
20180701;20180731;0;0;0;0;0;0;676,84;0;0;0;0;0;0;0;SP;ICMS;OUTROS CREDITOS;718;638874765002145
20180701;20180731;0;0;0;0;0;0;810,13;0;0;0;0;0;0;0;SP;ICMS;OUTROS CREDITOS;718;638874765002145
20180701;20180731;0;0;0;0;0;0;1038,97;0;0;0;0;0;0;0;SP;ICMS;OUTROS CREDITOS;718;638874765002145
20180701;20180731;0;0;1215,2;0;0;0;0;0;0;0;0;0;0;0;SP;ICMS;OUTROS DEBITOS;287;638874765002145
20180701;20180731;0;0;0;0;0;0;1378,57;0;0;0;0;0;0;0;SP;ICMS;OUTROS CREDITOS;718;638874765002145
20180701;20180731;0;0;1558,47;0;0;0;0;0;0;0;0;0;0;0;SP;ICMS;OUTROS DEBITOS;287;638874765002145
20180701;20180731;0;0;2067,86;0;0;0;0;0;0;0;0;0;0;0;SP;ICMS;OUTROS DEBITOS;287;638874765002145
20180701;20180731;0;0;3045,78;0;0;0;0;0;0;0;0;0;0;0;SP;ICMS;OUTROS DEBITOS;287;638874765002145
20180701;20180731;0;0;0;0;0;0;3222,54;0;0;0;0;0;0;0;SP;ICMS;OUTROS CREDITOS;718;638874765002145
20180701;20180731;0;0;0;0;0;0;3754,71;0;0;0;0;0;0;0;SP;ICMS;OUTROS CREDITOS;718;638874765002145
20180701;20180731;0;0;4833,8;0;0;0;0;0;0;0;0;0;0;0;SP;ICMS;OUTROS DEBITOS;287;638874765002145
20180701;20180731;0;0;5632,07;0;0;0;0;0;0;0;0;0;0;0;SP;ICMS;OUTROS DEBITOS;287;638874765002145
20180701;20180731;0;0;0;0;0;0;6527,73;0;0;0;0;0;0;0;SP;ICMS;OUTROS CREDITOS;718;638874765002145
20180701;20180731;0;0;0;0;0;0;19145,77;0;0;0;0;0;0;0;SP;ICMS;OUTROS CREDITOS;718;638874765002145
20180701;20180731;0;0;0;0;0;0;24160,68;0;0;0;0;0;0;0;SP;ICMS;OUTROS CREDITOS;718;638874765002145
20180701;20180731;0;0;0;0;0;0;28165,6;0;0;0;0;0;0;0;SP;ICMS;OUTROS CREDITOS;718;638874765002145
20180701;20180731;0;0;28718,67;0;0;0;0;0;0;0;0;0;0;0;SP;ICMS;OUTROS DEBITOS;287;638874765002145
20180701;20180731;0;0;29101,2;0;0;0;0;0;0;0;0;0;0;0;SP;ICMS;OUTROS DEBITOS;287;638874765002145
20180701;20180731;0;0;50205,02;0;0;0;0;0;0;0;0;0;0;0;SP;ICMS;OUTROS DEBITOS;287;638874765002145
20180701;20180731;0;0;71497,98;0;0;0;0;0;0;0;0;0;0;0;SP;ICMS;OUTROS DEBITOS;287;638874765002145
20180601;20180630;32039,8;0;0;0;0;0;0;0;0;189931,08;0;189931,08;0;0;;;;0;638874765002145
20180601;20180630;0;0;0;0;0;0;40,07;0;0;0;0;0;0;0;SP;ICMS;OUTROS CREDITOS;718;638874765002145
20180601;20180630;0;0;60,1;0;0;0;0;0;0;0;0;0;0;0;SP;ICMS;OUTROS DEBITOS;287;638874765002145
20180601;20180630;0;0;0;0;0;0;84,14;0;0;0;0;0;0;0;SP;ICMS;OUTROS CREDITOS;718;638874765002145
20180601;20180630;0;0;0;0;0;0;0;111,21;0;0;0;0;0;0;SP;ICMS;ESTORNO DE DEBITOS;899;638874765002145
20180601;20180630;0;0;126,21;0;0;0;0;0;0;0;0;0;0;0;SP;ICMS;OUTROS DEBITOS;287;638874765002145
20180601;20180630;0;0;0;0;0;0;344,52;0;0;0;0;0;0;0;SP;ICMS;OUTROS CREDITOS;718;638874765002145
20180601;20180630;0;0;0;0;0;0;0;569,71;0;0;0;0;0;0;SP;ICMS;ESTORNO DE DEBITOS;899;638874765002145
20180601;20180630;0;0;0;0;0;0;634,9;0;0;0;0;0;0;0;SP;ICMS;OUTROS CREDITOS;718;638874765002145
20180601;20180630;0;0;952,34;0;0;0;0;0;0;0;0;0;0;0;SP;ICMS;OUTROS DEBITOS;287;638874765002145
20180601;20180630;0;0;0;0;0;0;1041,08;0;0;0;0;0;0;0;SP;ICMS;OUTROS CREDITOS;718;638874765002145
20180601;20180630;0;0;0;0;0;0;1169,79;0;0;0;0;0;0;0;SP;ICMS;OUTROS CREDITOS;718;638874765002145
20180601;20180630;0;0;1550,31;0;0;0;0;0;0;0;0;0;0;0;SP;ICMS;OUTROS DEBITOS;287;638874765002145
20180601;20180630;0;0;1561,62;0;0;0;0;0;0;0;0;0;0;0;SP;ICMS;OUTROS DEBITOS;287;638874765002145
20180601;20180630;0;0;0;0;0;0;1635,68;0;0;0;0;0;0;0;SP;ICMS;OUTROS CREDITOS;718;638874765002145
20180601;20180630;0;0;0;0;0;0;1753,12;0;0;0;0;0;0;0;SP;ICMS;OUTROS CREDITOS;718;638874765002145
20180601;20180630;0;0;1754,68;0;0;0;0;0;0;0;0;0;0;0;SP;ICMS;OUTROS DEBITOS;287;638874765002145
20180601;20180630;0;0;0;0;0;0;2049,8;0;0;0;0;0;0;0;SP;ICMS;OUTROS CREDITOS;718;638874765002145
20180601;20180630;0;0;2453,52;0;0;0;0;0;0;0;0;0;0;0;SP;ICMS;OUTROS DEBITOS;287;638874765002145
20180601;20180630;0;0;2629,68;0;0;0;0;0;0;0;0;0;0;0;SP;ICMS;OUTROS DEBITOS;287;638874765002145
20180601;20180630;0;0;0;0;0;0;2764,8;0;0;0;0;0;0;0;SP;ICMS;OUTROS CREDITOS;718;638874765002145
20180601;20180630;0;0;3593,7;0;0;0;0;0;0;0;0;0;0;0;SP;ICMS;OUTROS DEBITOS;287;638874765002145
20180601;20180630;0;0;4147,2;0;0;0;0;0;0;0;0;0;0;0;SP;ICMS;OUTROS DEBITOS;287;638874765002145
20180601;20180630;0;0;0;0;0;0;37902;0;0;0;0;0;0;0;SP;ICMS;OUTROS CREDITOS;718;638874765002145
20180601;20180630;0;0;0;0;0;0;45244,2;0;0;0;0;0;0;0;SP;ICMS;OUTROS CREDITOS;718;638874765002145
20180601;20180630;0;0;0;0;0;0;45948,04;0;0;0;0;0;0;0;SP;ICMS;OUTROS CREDITOS;718;638874765002145
20180601;20180630;0;0;57746,43;0;0;0;0;0;0;0;0;0;0;0;SP;ICMS;OUTROS DEBITOS;287;638874765002145
20180601;20180630;0;0;94041,69;0;0;0;0;0;0;0;0;0;0;0;SP;ICMS;OUTROS DEBITOS;287;638874765002145
20180601;20180630;0;0;128566,86;0;0;0;0;0;0;0;0;0;0;0;SP;ICMS;OUTROS DEBITOS;287;638874765002145
20180501;20180531;6050,24;0;0;0;0;0;0;0;0;335011,65;0;335011,65;0;0;;;;0;638874765002145
20180501;20180531;0;0;0;0;0;0;33,2;0;0;0;0;0;0;0;SP;ICMS;OUTROS CREDITOS;799;638874765002145
20180501;20180531;0;0;49,8;0;0;0;0;0;0;0;0;0;0;0;SP;ICMS;OUTROS DEBITOS;299;638874765002145
20180501;20180531;0;0;0;0;0;0;159,89;0;0;0;0;0;0;0;SP;ICMS;OUTROS CREDITOS;799;638874765002145
20180501;20180531;0;0;0;0;0;0;0;162,73;0;0;0;0;0;0;SP;ICMS;ESTORNO DE DEBITOS;899;638874765002145
20180501;20180531;0;0;239,84;0;0;0;0;0;0;0;0;0;0;0;SP;ICMS;OUTROS DEBITOS;299;638874765002145
20180501;20180531;0;0;0;0;0;0;533,21;0;0;0;0;0;0;0;SP;ICMS;OUTROS CREDITOS;799;638874765002145
20180501;20180531;0;0;799,82;0;0;0;0;0;0;0;0;0;0;0;SP;ICMS;OUTROS DEBITOS;299;638874765002145
20180501;20180531;0;0;0;0;0;0;1396,02;0;0;0;0;0;0;0;SP;ICMS;OUTROS CREDITOS;799;638874765002145
20180501;20180531;0;0;2205,76;0;0;0;0;0;0;0;0;0;0;0;SP;ICMS;OUTROS DEBITOS;299;638874765002145
20180501;20180531;0;0;0;0;0;0;3365,51;0;0;0;0;0;0;0;SP;ICMS;OUTROS CREDITOS;799;638874765002145
20180501;20180531;0;0;0;0;0;0;4653,18;0;0;0;0;0;0;0;SP;ICMS;OUTROS CREDITOS;799;638874765002145
20180501;20180531;0;0;5048,27;0;0;0;0;0;0;0;0;0;0;0;SP;ICMS;OUTROS DEBITOS;299;638874765002145
20180501;20180531;0;0;6979,76;0;0;0;0;0;0;0;0;0;0;0;SP;ICMS;OUTROS DEBITOS;299;638874765002145
20180501;20180531;0;0;0;0;0;0;9316,23;0;0;0;0;0;0;0;SP;ICMS;OUTROS CREDITOS;799;638874765002145
20180501;20180531;0;0;0;0;0;0;10811,75;0;0;0;0;0;0;0;SP;ICMS;OUTROS CREDITOS;799;638874765002145
20180501;20180531;0;0;0;0;0;0;12608,32;0;0;0;0;0;0;0;SP;ICMS;OUTROS CREDITOS;799;638874765002145
20180501;20180531;0;0;13974,34;0;0;0;0;0;0;0;0;0;0;0;SP;ICMS;OUTROS DEBITOS;299;638874765002145
20180501;20180531;0;0;0;0;0;0;16156,13;0;0;0;0;0;0;0;SP;ICMS;OUTROS CREDITOS;799;638874765002145
20180501;20180531;0;0;22013,09;0;0;0;0;0;0;0;0;0;0;0;SP;ICMS;OUTROS DEBITOS;299;638874765002145
20180501;20180531;0;0;37590,18;0;0;0;0;0;0;0;0;0;0;0;SP;ICMS;OUTROS DEBITOS;299;638874765002145
20180501;20180531;0;0;61925,12;0;0;0;0;0;0;0;0;0;0;0;SP;ICMS;OUTROS DEBITOS;299;638874765002145
20180501;20180531;0;0;0;0;0;0;62064,14;0;0;0;0;0;0;0;SP;ICMS;OUTROS CREDITOS;799;638874765002145
20180501;20180531;0;0;0;0;0;0;82699,51;0;0;0;0;0;0;0;SP;ICMS;OUTROS CREDITOS;799;638874765002145
20180501;20180531;0;0;93023,47;0;0;0;0;0;0;0;0;0;0;0;SP;ICMS;OUTROS DEBITOS;299;638874765002145
20180501;20180531;0;0;289071,78;0;0;0;0;0;0;0;0;0;0;0;SP;ICMS;OUTROS DEBITOS;299;638874765002145
20180401;20180430;31881,22;0;0;0;0;0;0;0;0;276503,47;0;276503,47;0;0;;;;0;638874765002145
20180401;20180430;0;0;0;0;0;0;20,4;0;0;0;0;0;0;0;SP;ICMS;OUTROS CREDITOS;718;638874765002145
20180401;20180430;0;0;30,6;0;0;0;0;0;0;0;0;0;0;0;SP;ICMS;OUTROS DEBITOS;287;638874765002145
20180401;20180430;0;0;0;0;0;0;0;31,2;0;0;0;0;0;0;SP;ICMS;ESTORNO DE DEBITOS;899;638874765002145
20180401;20180430;0;0;0;0;0;0;44,96;0;0;0;0;0;0;0;SP;ICMS;OUTROS CREDITOS;718;638874765002145
20180401;20180430;0;0;67,44;0;0;0;0;0;0;0;0;0;0;0;SP;ICMS;OUTROS DEBITOS;287;638874765002145
20180401;20180430;0;0;0;0;0;0;124,09;0;0;0;0;0;0;0;SP;ICMS;OUTROS CREDITOS;718;638874765002145
20180401;20180430;0;0;0;0;0;0;132,98;0;0;0;0;0;0;0;SP;ICMS;OUTROS CREDITOS;718;638874765002145
20180401;20180430;0;0;0;0;0;0;136,8;0;0;0;0;0;0;0;SP;ICMS;OUTROS CREDITOS;718;638874765002145
20180401;20180430;0;0;199,48;0;0;0;0;0;0;0;0;0;0;0;SP;ICMS;OUTROS DEBITOS;287;638874765002145
20180401;20180430;0;0;205,2;0;0;0;0;0;0;0;0;0;0;0;SP;ICMS;OUTROS DEBITOS;287;638874765002145
20180401;20180430;0;0;0;0;0;0;206,03;0;0;0;0;0;0;0;SP;ICMS;OUTROS CREDITOS;718;638874765002145
20180401;20180430;0;0;235,04;0;0;0;0;0;0;0;0;0;0;0;SP;ICMS;OUTROS DEBITOS;287;638874765002145
20180401;20180430;0;0;653,56;0;0;0;0;0;0;0;0;0;0;0;SP;ICMS;OUTROS DEBITOS;287;638874765002145
20180401;20180430;0;0;0;0;0;0;0;1991,45;0;0;0;0;0;0;SP;ICMS;ESTORNO DE DEBITOS;899;638874765002145
20180401;20180430;0;0;0;0;0;0;6657,8;0;0;0;0;0;0;0;SP;ICMS;OUTROS CREDITOS;718;638874765002145
20180401;20180430;0;0;0;0;0;0;9775,08;0;0;0;0;0;0;0;SP;ICMS;OUTROS CREDITOS;718;638874765002145
20180401;20180430;0;0;0;0;0;0;11093,63;0;0;0;0;0;0;0;SP;ICMS;OUTROS CREDITOS;718;638874765002145
20180401;20180430;0;0;0;0;0;0;13743,62;0;0;0;0;0;0;0;SP;ICMS;OUTROS CREDITOS;718;638874765002145
20180401;20180430;0;0;0;0;0;0;15403,79;0;0;0;0;0;0;0;SP;ICMS;OUTROS CREDITOS;718;638874765002145
20180401;20180430;0;0;16815,64;0;0;0;0;0;0;0;0;0;0;0;SP;ICMS;OUTROS DEBITOS;287;638874765002145
20180401;20180430;0;0;0;0;0;0;18264,09;0;0;0;0;0;0;0;SP;ICMS;OUTROS CREDITOS;718;638874765002145
20180401;20180430;0;0;23105,68;0;0;0;0;0;0;0;0;0;0;0;SP;ICMS;OUTROS DEBITOS;287;638874765002145
20180401;20180430;0;0;25462,63;0;0;0;0;0;0;0;0;0;0;0;SP;ICMS;OUTROS DEBITOS;287;638874765002145
20180401;20180430;0;0;28226,71;0;0;0;0;0;0;0;0;0;0;0;SP;ICMS;OUTROS DEBITOS;287;638874765002145
20180401;20180430;0;0;31031,45;0;0;0;0;0;0;0;0;0;0;0;SP;ICMS;OUTROS DEBITOS;287;638874765002145
20180401;20180430;0;0;81980,65;0;0;0;0;0;0;0;0;0;0;0;SP;ICMS;OUTROS DEBITOS;287;638874765002145
20180401;20180430;0;0;0;0;0;0;104310,15;0;0;0;0;0;0;0;SP;ICMS;OUTROS CREDITOS;718;638874765002145
20180401;20180430;0;0;218544,24;0;0;0;0;0;0;0;0;0;0;0;SP;ICMS;OUTROS DEBITOS;287;638874765002145
20180301;20180331;35958,05;0;0;0;0;0;0;0;0;82448,34;0;82448,34;0;0;;;;0;638874765002145
20180301;20180331;0;0;0;0;0;0;174,72;0;0;0;0;0;0;0;SP;ICMS;OUTROS CREDITOS;718;638874765002145
20180301;20180331;0;0;262,08;0;0;0;0;0;0;0;0;0;0;0;SP;ICMS;OUTROS DEBITOS;287;638874765002145
20180301;20180331;0;0;0;0;0;0;338,57;0;0;0;0;0;0;0;SP;ICMS;OUTROS CREDITOS;718;638874765002145
20180301;20180331;0;0;0;0;0;0;459,24;0;0;0;0;0;0;0;SP;ICMS;OUTROS CREDITOS;718;638874765002145
20180301;20180331;0;0;507,86;0;0;0;0;0;0;0;0;0;0;0;SP;ICMS;OUTROS DEBITOS;287;638874765002145
20180301;20180331;0;0;0;0;0;0;0;947,74;0;0;0;0;0;0;SP;ICMS;ESTORNO DE DEBITOS;899;638874765002145
20180301;20180331;0;0;1200,34;0;0;0;0;0;0;0;0;0;0;0;SP;ICMS;OUTROS DEBITOS;287;638874765002145
20180301;20180331;0;0;0;0;0;0;1808,02;0;0;0;0;0;0;0;SP;ICMS;OUTROS CREDITOS;718;638874765002145
20180301;20180331;0;0;0;0;0;0;1971,66;0;0;0;0;0;0;0;SP;ICMS;OUTROS CREDITOS;718;638874765002145
20180301;20180331;0;0;2712,04;0;0;0;0;0;0;0;0;0;0;0;SP;ICMS;OUTROS DEBITOS;287;638874765002145
20180301;20180331;0;0;0;0;0;0;0;4517,19;0;0;0;0;0;0;SP;ICMS;ESTORNO DE DEBITOS;899;638874765002145
20180301;20180331;0;0;0;0;0;0;5861,06;0;0;0;0;0;0;0;SP;ICMS;OUTROS CREDITOS;718;638874765002145
20180301;20180331;0;0;0;0;0;0;7618,5;0;0;0;0;0;0;0;SP;ICMS;OUTROS CREDITOS;718;638874765002145
20180301;20180331;0;0;0;0;0;0;7864,2;0;0;0;0;0;0;0;SP;ICMS;OUTROS CREDITOS;718;638874765002145
20180301;20180331;0;0;8872,49;0;0;0;0;0;0;0;0;0;0;0;SP;ICMS;OUTROS DEBITOS;287;638874765002145
20180301;20180331;0;0;0;0;0;0;10031,31;0;0;0;0;0;0;0;SP;ICMS;OUTROS CREDITOS;718;638874765002145
20180301;20180331;0;0;10682,81;0;0;0;0;0;0;0;0;0;0;0;SP;ICMS;OUTROS DEBITOS;287;638874765002145
20180301;20180331;0;0;11427,74;0;0;0;0;0;0;0;0;0;0;0;SP;ICMS;OUTROS DEBITOS;287;638874765002145
20180301;20180331;0;0;0;0;0;0;11567,55;0;0;0;0;0;0;0;SP;ICMS;OUTROS CREDITOS;718;638874765002145
20180301;20180331;0;0;12018,46;0;0;0;0;0;0;0;0;0;0;0;SP;ICMS;OUTROS DEBITOS;287;638874765002145
20180301;20180331;0;0;22426,81;0;0;0;0;0;0;0;0;0;0;0;SP;ICMS;OUTROS DEBITOS;287;638874765002145
20180301;20180331;0;0;29539,42;0;0;0;0;0;0;0;0;0;0;0;SP;ICMS;OUTROS DEBITOS;287;638874765002145
20180201;20180228;0;0;0;0;0;0;0;0;0;0;0;0;0;0;;;;0;638874765002145
20181101;20181130;971,04;0;0;0;0;0;0;0;0;72996,73;0;72996,73;0;0;;;;0;638874765002145
20181101;20181130;0;0;0;0;0;0;71,26;0;0;0;0;0;0;0;SP;ICMS;OUTROS CREDITOS;718;638874765002145
20181101;20181130;0;0;106,89;0;0;0;0;0;0;0;0;0;0;0;SP;ICMS;OUTROS DEBITOS;287;638874765002145
20181101;20181130;0;0;0;0;0;0;229,68;0;0;0;0;0;0;0;SP;ICMS;OUTROS CREDITOS;718;638874765002145
20181101;20181130;0;0;0;0;0;0;387,78;0;0;0;0;0;0;0;SP;ICMS;OUTROS CREDITOS;718;638874765002145
20181101;20181130;0;0;581,67;0;0;0;0;0;0;0;0;0;0;0;SP;ICMS;OUTROS DEBITOS;287;638874765002145
20181101;20181130;0;0;0;0;0;0;795,14;0;0;0;0;0;0;0;SP;ICMS;OUTROS CREDITOS;718;638874765002145
20181101;20181130;0;0;0;0;0;0;0;971,04;0;0;0;0;0;0;SP;ICMS;ESTORNO DE DEBITOS;899;638874765002145
20181101;20181130;0;0;1033,55;0;0;0;0;0;0;0;0;0;0;0;SP;ICMS;OUTROS DEBITOS;287;638874765002145
20181101;20181130;0;0;1192,72;0;0;0;0;0;0;0;0;0;0;0;SP;ICMS;OUTROS DEBITOS;287;638874765002145
20181101;20181130;0;0;0;0;0;0;2883,6;0;0;0;0;0;0;0;SP;ICMS;OUTROS CREDITOS;718;638874765002145
20181101;20181130;0;0;0;0;0;0;2887,82;0;0;0;0;0;0;0;SP;ICMS;OUTROS CREDITOS;718;638874765002145
20181101;20181130;0;0;0;0;0;0;3065,48;0;0;0;0;0;0;0;SP;ICMS;OUTROS CREDITOS;718;638874765002145
20181101;20181130;0;0;0;0;0;0;3945,07;0;0;0;0;0;0;0;SP;ICMS;OUTROS CREDITOS;718;638874765002145
20181101;20181130;0;0;4325,4;0;0;0;0;0;0;0;0;0;0;0;SP;ICMS;OUTROS DEBITOS;287;638874765002145
20181101;20181130;0;0;4331,73;0;0;0;0;0;0;0;0;0;0;0;SP;ICMS;OUTROS DEBITOS;287;638874765002145
20181101;20181130;0;0;0;0;0;0;4458,33;0;0;0;0;0;0;0;SP;ICMS;OUTROS CREDITOS;718;638874765002145
20181101;20181130;0;0;5444,48;0;0;0;0;0;0;0;0;0;0;0;SP;ICMS;OUTROS DEBITOS;287;638874765002145
20181101;20181130;0;0;5917,61;0;0;0;0;0;0;0;0;0;0;0;SP;ICMS;OUTROS DEBITOS;287;638874765002145
20181101;20181130;0;0;0;0;0;0;6350,56;0;0;0;0;0;0;0;SP;ICMS;OUTROS CREDITOS;718;638874765002145
20181101;20181130;0;0;7668,69;0;0;0;0;0;0;0;0;0;0;0;SP;ICMS;OUTROS DEBITOS;287;638874765002145
20181101;20181130;0;0;9525,84;0;0;0;0;0;0;0;0;0;0;0;SP;ICMS;OUTROS DEBITOS;287;638874765002145
20181101;20181130;0;0;0;0;0;0;22001,81;0;0;0;0;0;0;0;SP;ICMS;OUTROS CREDITOS;718;638874765002145
20181101;20181130;0;0;34591,67;0;0;0;0;0;0;0;0;0;0;0;SP;ICMS;OUTROS DEBITOS;287;638874765002145
20181101;20181130;0;0;0;0;0;0;50888,18;0;0;0;0;0;0;0;SP;ICMS;OUTROS CREDITOS;718;638874765002145
20181101;20181130;0;0;96241,19;0;0;0;0;0;0;0;0;0;0;0;SP;ICMS;OUTROS DEBITOS;287;638874765002145
20180901;20180930;933,3;0;0;0;0;0;0;0;0;352277,73;0;352277,73;0;0;;;;0;638874765002145
20180901;20180930;0;0;0;0;0;0;3,31;0;0;0;0;0;0;0;SP;ICMS;OUTROS CREDITOS;799;638874765002145
20180901;20180930;0;0;0;0;0;0;12,52;0;0;0;0;0;0;0;SP;ICMS;OUTROS CREDITOS;799;638874765002145
20180901;20180930;0;0;0;0;0;0;14,89;0;0;0;0;0;0;0;SP;ICMS;OUTROS CREDITOS;799;638874765002145
20180901;20180930;0;0;14,91;0;0;0;0;0;0;0;0;0;0;0;SP;ICMS;OUTROS DEBITOS;299;638874765002145
20180901;20180930;0;0;22,33;0;0;0;0;0;0;0;0;0;0;0;SP;ICMS;OUTROS DEBITOS;299;638874765002145
20180901;20180930;0;0;0;0;0;0;31,79;0;0;0;0;0;0;0;SP;ICMS;OUTROS CREDITOS;799;638874765002145
20180901;20180930;0;0;56,35;0;0;0;0;0;0;0;0;0;0;0;SP;ICMS;OUTROS DEBITOS;299;638874765002145
20180901;20180930;0;0;143,04;0;0;0;0;0;0;0;0;0;0;0;SP;ICMS;OUTROS DEBITOS;299;638874765002145
20180901;20180930;0;0;0;0;0;0;193,74;0;0;0;0;0;0;0;SP;ICMS;OUTROS CREDITOS;799;638874765002145
20180901;20180930;0;0;0;0;0;0;310,44;0;0;0;0;0;0;0;SP;ICMS;OUTROS CREDITOS;799;638874765002145
20180901;20180930;0;0;0;0;0;0;455,88;0;0;0;0;0;0;0;SP;ICMS;OUTROS CREDITOS;799;638874765002145
20180901;20180930;0;0;461,02;0;0;0;0;0;0;0;0;0;0;0;SP;ICMS;OUTROS DEBITOS;299;638874765002145
20180901;20180930;0;0;465,67;0;0;0;0;0;0;0;0;0;0;0;SP;ICMS;OUTROS DEBITOS;299;638874765002145
20180901;20180930;0;0;683,82;0;0;0;0;0;0;0;0;0;0;0;SP;ICMS;OUTROS DEBITOS;299;638874765002145
20180901;20180930;0;0;0;0;0;0;893,77;0;0;0;0;0;0;0;SP;ICMS;OUTROS CREDITOS;799;638874765002145
20180901;20180930;0;0;0;0;0;0;1043,48;0;0;0;0;0;0;0;SP;ICMS;OUTROS CREDITOS;799;638874765002145
20180901;20180930;0;0;1340,68;0;0;0;0;0;0;0;0;0;0;0;SP;ICMS;OUTROS DEBITOS;299;638874765002145
20180901;20180930;0;0;0;0;0;0;3838,11;0;0;0;0;0;0;0;SP;ICMS;OUTROS CREDITOS;799;638874765002145
20180901;20180930;0;0;4695,65;0;0;0;0;0;0;0;0;0;0;0;SP;ICMS;OUTROS DEBITOS;299;638874765002145
20180901;20180930;0;0;0;0;0;0;11115,8;0;0;0;0;0;0;0;SP;ICMS;OUTROS CREDITOS;799;638874765002145
20180901;20180930;0;0;16697,52;0;0;0;0;0;0;0;0;0;0;0;SP;ICMS;OUTROS DEBITOS;299;638874765002145
20180901;20180930;0;0;16746,76;0;0;0;0;0;0;0;0;0;0;0;SP;ICMS;OUTROS DEBITOS;299;638874765002145
20180901;20180930;0;0;0;0;0;0;25533,22;0;0;0;0;0;0;0;SP;ICMS;OUTROS CREDITOS;799;638874765002145
20180901;20180930;0;0;78605,96;0;0;0;0;0;0;0;0;0;0;0;SP;ICMS;OUTROS DEBITOS;299;638874765002145
20180901;20180930;0;0;0;0;0;0;109830,69;0;0;0;0;0;0;0;SP;ICMS;OUTROS CREDITOS;799;638874765002145
20180901;20180930;0;0;384688,36;0;0;0;0;0;0;0;0;0;0;0;SP;ICMS;OUTROS DEBITOS;299;638874765002145
20180201;20180228;25507,49;0;0;0;0;0;0;0;0;24268;0;24268;0;0;;;;0;638874765008655
20180201;20180228;0;0;0;0;0;0;0;331,74;0;0;0;0;0;0;RJ;ICMS;ESTORNO DE DEBITOS;9999;638874765008655
20180201;20180228;0;0;0;0;0;0;746,74;0;0;0;0;0;0;0;RJ;ICMS;OUTROS CREDITOS;9999;638874765008655
20180201;20180228;0;0;101,98;0;0;0;0;0;0;0;0;0;0;0;RJ;ICMS;OUTROS DEBITOS;9999;638874765008655
20180101;20180131;26052,87;0;0;0;0;0;0;0;0;24926,7;0;24926,7;0;0;;;;0;638874765008655
20180101;20180131;0;0;0;0;0;0;713,22;0;0;0;0;0;0;0;RJ;ICMS;OUTROS CREDITOS;9999;638874765008655
20180101;20180131;0;0;35,89;0;0;0;0;0;0;0;0;0;0;0;RJ;ICMS;OUTROS DEBITOS;9999;638874765008655
20181001;20181031;21601,19;0;0;0;0;0;0;0;0;20430,35;0;20430,35;0;0;;;;0;638874765008655
20181001;20181031;0;0;0;0;0;0;758,89;0;0;0;0;0;0;0;RJ;ICMS;OUTROS CREDITOS;9999;638874765008655
20180901;20180930;23339,74;0;0;0;0;0;0;0;0;22384,45;0;22384,45;0;0;;;;0;638874765008655
20180901;20180930;0;0;0;0;0;0;754,39;0;0;0;0;0;0;0;RJ;ICMS;OUTROS CREDITOS;9999;638874765008655
20180801;20180831;23930,71;0;0;0;0;0;0;0;0;21823,54;0;21823,54;0;0;;;;0;638874765008655
20180801;20180831;0;0;0;0;0;0;0;18,54;0;0;0;0;0;0;RJ;ICMS;ESTORNO DE DEBITOS;9999;638874765008655
20180801;20180831;0;0;0;0;0;0;0;793,68;0;0;0;0;0;0;RJ;ICMS;ESTORNO DE DEBITOS;9999;638874765008655
20180801;20180831;0;0;0;0;0;0;936,29;0;0;0;0;0;0;0;RJ;ICMS;OUTROS CREDITOS;9999;638874765008655
20180701;20180731;23828,53;0;0;0;0;0;0;0;0;22905,47;0;22905,47;0;0;;;;0;638874765008655
20180701;20180731;0;0;0;0;0;0;591,27;0;0;0;0;0;0;0;RJ;ICMS;OUTROS CREDITOS;9999;638874765008655
20180701;20180731;0;0;10,99;0;0;0;0;0;0;0;0;0;0;0;RJ;ICMS;OUTROS DEBITOS;9999;638874765008655
20180601;20180630;22263,15;0;0;0;0;0;0;0;0;21014,04;0;21014,04;0;0;;;;0;638874765008655
20180601;20180630;0;0;0;0;0;0;912,99;0;0;0;0;0;0;0;RJ;ICMS;OUTROS CREDITOS;9999;638874765008655
20180501;20180531;21451,74;0;0;0;0;0;0;0;0;20520,93;0;20520,93;0;0;;;;0;638874765008655
20180501;20180531;0;0;0;0;0;0;700,04;0;0;0;0;0;0;0;RJ;ICMS;OUTROS CREDITOS;9999;638874765008655
20180401;20180430;24751,61;0;0;0;0;0;0;0;0;23692,71;0;23692,71;0;0;;;;0;638874765008655
20180401;20180430;0;0;0;0;0;0;770,38;0;0;0;0;0;0;0;RJ;ICMS;OUTROS CREDITOS;9999;638874765008655
20180301;20180331;26140,24;0;0;0;0;0;0;0;0;24808,2;0;24808,2;0;0;;;;0;638874765008655
20180301;20180331;0;0;0;0;0;0;863,24;0;0;0;0;0;0;0;RJ;ICMS;OUTROS CREDITOS;9999;638874765008655
20181101;20181130;24402,07;0;0;0;0;0;0;0;0;23151,37;0;23151,37;0;0;;;;0;638874765008655
20181101;20181130;0;0;0;0;0;0;758,62;0;0;0;0;0;0;0;RJ;ICMS;OUTROS CREDITOS;9999;638874765008655
20180201;20180228;22877,09;0;0;0;0;0;0;0;0;21944,89;0;21944,89;0;0;;;;0;638874765009870
20180201;20180228;0;0;0;0;0;0;501,41;0;0;0;0;0;0;0;RJ;ICMS;OUTROS CREDITOS;9999;638874765009870
20180101;20180131;36653,26;0;0;0;0;0;0;0;0;34537,15;0;34537,15;0;0;;;;0;638874765009870
20180101;20180131;0;0;0;0;0;0;953,19;0;0;0;0;0;0;0;RJ;ICMS;OUTROS CREDITOS;9999;638874765009870
20181001;20181031;28226,16;0;0;0;0;0;0;0;0;26837,49;0;26837,49;0;0;;;;0;638874765009870
20181001;20181031;0;0;0;0;0;0;821,05;0;0;0;0;0;0;0;RJ;ICMS;OUTROS CREDITOS;9999;638874765009870
20180901;20180930;26746,17;0;0;0;0;0;0;0;0;25454,93;0;25454,93;0;0;;;;0;638874765009870
20180901;20180930;0;0;0;0;0;0;567,66;0;0;0;0;0;0;0;RJ;ICMS;OUTROS CREDITOS;9999;638874765009870
20180801;20180831;25882,97;0;0;0;0;0;0;0;0;23761,68;0;23761,68;0;0;;;;0;638874765009870
20180801;20180831;0;0;0;0;0;0;0;17,64;0;0;0;0;0;0;RJ;ICMS;ESTORNO DE DEBITOS;9999;638874765009870
20180801;20180831;0;0;0;0;0;0;0;206,15;0;0;0;0;0;0;RJ;ICMS;ESTORNO DE DEBITOS;9999;638874765009870
20180801;20180831;0;0;0;0;0;0;870,49;0;0;0;0;0;0;0;RJ;ICMS;OUTROS CREDITOS;9999;638874765009870
20180801;20180831;0;0;20,23;0;0;0;0;0;0;0;0;0;0;0;RJ;ICMS;OUTROS DEBITOS;9999;638874765009870
20180701;20180731;30792,24;0;0;0;0;0;0;0;0;29684,17;0;29684,17;0;0;;;;0;638874765009870
20180701;20180731;0;0;0;0;0;0;565,03;0;0;0;0;0;0;0;RJ;ICMS;OUTROS CREDITOS;9999;638874765009870
20180601;20180630;26067,95;0;0;0;0;0;0;0;0;24755,54;0;24755,54;0;0;;;;0;638874765009870
20180601;20180630;0;0;0;0;0;0;673,01;0;0;0;0;0;0;0;RJ;ICMS;OUTROS CREDITOS;9999;638874765009870
20180501;20180531;24429,26;0;0;0;0;0;0;0;0;23243,69;0;23243,69;0;0;;;;0;638874765009870
20180501;20180531;0;0;0;0;0;0;0;22,47;0;0;0;0;0;0;RJ;ICMS;ESTORNO DE DEBITOS;9999;638874765009870
20180501;20180531;0;0;0;0;0;0;619,37;0;0;0;0;0;0;0;RJ;ICMS;OUTROS CREDITOS;9999;638874765009870
20180401;20180430;25296,22;0;0;0;0;0;0;0;0;24068,93;0;24068,93;0;0;;;;0;638874765009870
20180401;20180430;0;0;0;0;0;0;771,02;0;0;0;0;0;0;0;RJ;ICMS;OUTROS CREDITOS;9999;638874765009870
20180301;20180331;16778,39;0;0;0;0;0;0;0;0;15937,97;0;15937,97;0;0;;;;0;638874765009870
20180301;20180331;0;0;0;0;0;0;384,9;0;0;0;0;0;0;0;RJ;ICMS;OUTROS CREDITOS;9999;638874765009870
20181101;20181130;30813,27;0;0;0;0;0;0;0;0;22633,59;0;22633,59;0;0;;;;0;638874765009870
20181101;20181130;0;0;0;0;0;0;704,34;0;0;0;0;0;0;0;RJ;ICMS;OUTROS CREDITOS;9999;638874765009870
20180301;20180331;14469,6;0;0;0;0;0;0;0;0;13785,91;0;13785,91;0;0;;;;0;638874765011085
20180301;20180331;0;0;0;0;0;0;343,05;0;0;0;0;0;0;0;RJ;ICMS;OUTROS CREDITOS;9999;638874765011085
20180201;20180228;12558,24;0;0;0;0;0;0;0;0;11966,1;0;11966,1;0;0;;;;0;638874765011085
20180201;20180228;0;0;0;0;0;0;292,46;0;0;0;0;0;0;0;RJ;ICMS;OUTROS CREDITOS;9999;638874765011085
20180101;20180131;18348,21;0;0;0;0;0;0;0;0;17340,18;0;17340,18;0;0;;;;0;638874765011085
20180101;20180131;0;0;0;0;0;0;416,17;0;0;0;0;0;0;0;RJ;ICMS;OUTROS CREDITOS;9999;638874765011085
20181101;20181130;13815,22;0;0;0;0;0;0;0;0;13048,38;0;13048,38;0;0;;;;0;638874765011085
20181101;20181130;0;0;0;0;0;0;333,32;0;0;0;0;0;0;0;RJ;ICMS;OUTROS CREDITOS;9999;638874765011085
20181001;20181031;12376,24;0;0;0;0;0;0;0;0;11526,82;0;11526,82;0;0;;;;0;638874765011085
20181001;20181031;0;0;0;0;0;0;312,37;0;0;0;0;0;0;0;RJ;ICMS;OUTROS CREDITOS;9999;638874765011085
20180901;20180930;11270,59;0;0;0;0;0;0;0;0;10766,25;0;10766,25;0;0;;;;0;638874765011085
20180901;20180930;0;0;0;0;0;0;303,44;0;0;0;0;0;0;0;RJ;ICMS;OUTROS CREDITOS;9999;638874765011085
20180801;20180831;11485,07;0;0;0;0;0;0;0;0;10685,16;0;10685,16;0;0;;;;0;638874765011085
20180801;20180831;0;0;0;0;0;0;0;141,95;0;0;0;0;0;0;RJ;ICMS;ESTORNO DE DEBITOS;9999;638874765011085
20180801;20180831;0;0;0;0;0;0;355,88;0;0;0;0;0;0;0;RJ;ICMS;OUTROS CREDITOS;9999;638874765011085
20180701;20180731;14592,53;0;0;0;0;0;0;0;0;13713,65;0;13713,65;0;0;;;;0;638874765011085
20180701;20180731;0;0;0;0;0;0;0;8,89;0;0;0;0;0;0;RJ;ICMS;ESTORNO DE DEBITOS;9999;638874765011085
20180701;20180731;0;0;0;0;0;0;352,8;0;0;0;0;0;0;0;RJ;ICMS;OUTROS CREDITOS;9999;638874765011085
20180601;20180630;11724,19;0;0;0;0;0;0;0;0;11089,67;0;11089,67;0;0;;;;0;638874765011085
20180601;20180630;0;0;0;0;0;0;347,83;0;0;0;0;0;0;0;RJ;ICMS;OUTROS CREDITOS;9999;638874765011085
20180501;20180531;12203,95;0;0;0;0;0;0;0;0;11640,37;0;11640,37;0;0;;;;0;638874765011085
20180501;20180531;0;0;0;0;0;0;332,77;0;0;0;0;0;0;0;RJ;ICMS;OUTROS CREDITOS;9999;638874765011085
20180401;20180430;12917,35;0;0;0;0;0;0;0;0;12267,82;0;12267,82;0;0;;;;0;638874765011085
20180401;20180430;0;0;0;0;0;0;383,95;0;0;0;0;0;0;0;RJ;ICMS;OUTROS CREDITOS;9999;638874765011085
20181201;20181231;20172,83;0;0;0;0;0;0;0;0;19314,48;0;19314,48;0;0;;;;0;638874765011085
20181201;20181231;0;0;0;0;0;0;544,75;0;0;0;0;0;0;0;RJ;ICMS;OUTROS CREDITOS;9999;638874765011085
20180201;20180228;22732,65;0;0;0;0;0;0;0;0;21708,8;0;21708,8;0;0;;;;0;638874765015510
20180201;20180228;0;0;0;0;0;0;836,55;0;0;0;0;0;0;0;RJ;ICMS;OUTROS CREDITOS;9999;638874765015510
20180101;20180131;21689,15;0;0;0;0;0;0;0;0;20905,07;0;20905,07;0;0;;;;0;638874765015510
20180101;20180131;0;0;0;0;0;0;532,37;0;0;0;0;0;0;0;RJ;ICMS;OUTROS CREDITOS;9999;638874765015510
20180101;20180131;0;0;0,96;0;0;0;0;0;0;0;0;0;0;0;RJ;ICMS;OUTROS DEBITOS;9999;638874765015510
20181001;20181031;18468,75;0;0;0;0;0;0;0;0;17633,81;0;17633,81;0;0;;;;0;638874765015510
20181001;20181031;0;0;0;0;0;0;0;12,28;0;0;0;0;0;0;RJ;ICMS;ESTORNO DE DEBITOS;9999;638874765015510
20181001;20181031;0;0;0;0;0;0;598,36;0;0;0;0;0;0;0;RJ;ICMS;OUTROS CREDITOS;9999;638874765015510
20180901;20180930;17302,95;0;0;0;0;0;0;0;0;16559,35;0;16559,35;0;0;;;;0;638874765015510
20180901;20180930;0;0;0;0;0;0;543,77;0;0;0;0;0;0;0;RJ;ICMS;OUTROS CREDITOS;9999;638874765015510
20180901;20180930;0;0;1,07;0;0;0;0;0;0;0;0;0;0;0;RJ;ICMS;OUTROS DEBITOS;9999;638874765015510
20180801;20180831;18566,94;0;0;0;0;0;0;0;0;17407,72;0;17407,72;0;0;;;;0;638874765015510
20180801;20180831;0;0;0;0;0;0;0;140,85;0;0;0;0;0;0;RJ;ICMS;ESTORNO DE DEBITOS;9999;638874765015510
20180801;20180831;0;0;0;0;0;0;716,29;0;0;0;0;0;0;0;RJ;ICMS;OUTROS CREDITOS;9999;638874765015510
20180701;20180731;18437,61;0;0;0;0;0;0;0;0;17747,14;0;17747,14;0;0;;;;0;638874765015510
20180701;20180731;0;0;0;0;0;0;558,57;0;0;0;0;0;0;0;RJ;ICMS;OUTROS CREDITOS;9999;638874765015510
20180601;20180630;17848,11;0;0;0;0;0;0;0;0;16987,91;0;16987,91;0;0;;;;0;638874765015510
20180601;20180630;0;0;0;0;0;0;660;0;0;0;0;0;0;0;RJ;ICMS;OUTROS CREDITOS;9999;638874765015510
20180501;20180531;18352,29;0;0;0;0;0;0;0;0;17703,03;0;17703,03;0;0;;;;0;638874765015510
20180501;20180531;0;0;0;0;0;0;513,34;0;0;0;0;0;0;0;RJ;ICMS;OUTROS CREDITOS;9999;638874765015510
20180401;20180430;18784,28;0;0;0;0;0;0;0;0;17986,39;0;17986,39;0;0;;;;0;638874765015510
20180401;20180430;0;0;0;0;0;0;646,13;0;0;0;0;0;0;0;RJ;ICMS;OUTROS CREDITOS;9999;638874765015510
20180301;20180331;19835,61;0;0;0;0;0;0;0;0;18994,14;0;18994,14;0;0;;;;0;638874765015510
20180301;20180331;0;0;0;0;0;0;613,71;0;0;0;0;0;0;0;RJ;ICMS;OUTROS CREDITOS;9999;638874765015510
20181101;20181130;17595,95;0;0;0;0;0;0;0;0;16891,12;0;16891,12;0;0;;;;0;638874765015510
20181101;20181130;0;0;0;0;0;0;540,59;0;0;0;0;0;0;0;RJ;ICMS;OUTROS CREDITOS;9999;638874765015510
20180201;20180228;37577,22;0;0;0;0;0;0;0;0;35991,72;0;35991,72;0;0;;;;0;638874765016725
20180201;20180228;0;0;0;0;0;0;993,2;0;0;0;0;0;0;0;RJ;ICMS;OUTROS CREDITOS;9999;638874765016725
20180201;20180228;0;0;55,9;0;0;0;0;0;0;0;0;0;0;0;RJ;ICMS;OUTROS DEBITOS;9999;638874765016725
20180101;20180131;44623,51;0;0;0;0;0;0;0;0;42744,65;0;42744,65;0;0;;;;0;638874765016725
20180101;20180131;0;0;0;0;0;0;0;1,61;0;0;0;0;0;0;RJ;ICMS;ESTORNO DE DEBITOS;9999;638874765016725
20180101;20180131;0;0;0;0;0;0;1176,28;0;0;0;0;0;0;0;RJ;ICMS;OUTROS CREDITOS;9999;638874765016725
20180101;20180131;0;0;62,98;0;0;0;0;0;0;0;0;0;0;0;RJ;ICMS;OUTROS DEBITOS;9999;638874765016725
20181001;20181031;39285,84;0;0;0;0;0;0;0;0;37476,94;0;37476,94;0;0;;;;0;638874765016725
20181001;20181031;0;0;0;0;0;0;1167,6;0;0;0;0;0;0;0;RJ;ICMS;OUTROS CREDITOS;9999;638874765016725
20180901;20180930;39618,08;0;0;0;0;0;0;0;0;37888,77;0;37888,77;0;0;;;;0;638874765016725
20180901;20180930;0;0;0;0;0;0;986,85;0;0;0;0;0;0;0;RJ;ICMS;OUTROS CREDITOS;9999;638874765016725
20180801;20180831;39802,81;0;0;0;0;0;0;0;0;36885,64;0;36885,64;0;0;;;;0;638874765016725
20180801;20180831;0;0;0;0;0;0;0;801,48;0;0;0;0;0;0;RJ;ICMS;ESTORNO DE DEBITOS;9999;638874765016725
20180801;20180831;0;0;0;0;0;0;1266,43;0;0;0;0;0;0;0;RJ;ICMS;OUTROS CREDITOS;9999;638874765016725
20180701;20180731;40840,33;0;0;0;0;0;0;0;0;39183,97;0;39183,97;0;0;;;;0;638874765016725
20180701;20180731;0;0;0;0;0;0;855,47;0;0;0;0;0;0;0;RJ;ICMS;OUTROS CREDITOS;9999;638874765016725
20180701;20180731;0;0;33,11;0;0;0;0;0;0;0;0;0;0;0;RJ;ICMS;OUTROS DEBITOS;9999;638874765016725
20180601;20180630;39382,54;0;0;0;0;0;0;0;0;37772,88;0;37772,88;0;0;;;;0;638874765016725
20180601;20180630;0;0;0;0;0;0;1109,16;0;0;0;0;0;0;0;RJ;ICMS;OUTROS CREDITOS;9999;638874765016725
20180501;20180531;36040,72;0;0;0;0;0;0;0;0;34091,81;0;34091,81;0;0;;;;0;638874765016725
20180501;20180531;0;0;0;0;0;0;1026,61;0;0;0;0;0;0;0;RJ;ICMS;OUTROS CREDITOS;9999;638874765016725
20180401;20180430;38334,97;0;0;0;0;0;0;0;0;36800,44;0;36800,44;0;0;;;;0;638874765016725
20180401;20180430;0;0;0;0;0;0;963,39;0;0;0;0;0;0;0;RJ;ICMS;OUTROS CREDITOS;9999;638874765016725
20180401;20180430;0;0;0,78;0;0;0;0;0;0;0;0;0;0;0;RJ;ICMS;OUTROS DEBITOS;9999;638874765016725
20180301;20180331;41010,17;0;0;0;0;0;0;0;0;39346,02;0;39346,02;0;0;;;;0;638874765016725
20180301;20180331;0;0;0;0;0;0;1082,04;0;0;0;0;0;0;0;RJ;ICMS;OUTROS CREDITOS;9999;638874765016725
20180301;20180331;0;0;2,58;0;0;0;0;0;0;0;0;0;0;0;RJ;ICMS;OUTROS DEBITOS;9999;638874765016725
20181101;20181130;41243,21;0;0;0;0;0;0;0;0;30085,35;0;30085,35;0;0;;;;0;638874765016725
20181101;20181130;0;0;0;0;0;0;0;12,21;0;0;0;0;0;0;RJ;ICMS;ESTORNO DE DEBITOS;9999;638874765016725
20181101;20181130;0;0;0;0;0;0;1066,26;0;0;0;0;0;0;0;RJ;ICMS;OUTROS CREDITOS;9999;638874765016725
20180301;20180331;22869,09;0;0;0;0;0;0;0;0;21940,33;0;21940,33;0;0;;;;0;638874765018060
20180301;20180331;0;0;0;0;0;0;608,89;0;0;0;0;0;0;0;RJ;ICMS;OUTROS CREDITOS;9999;638874765018060
20180201;20180228;25662,98;0;0;0;0;0;0;0;0;24863,14;0;24863,14;0;0;;;;0;638874765018060
20180201;20180228;0;0;0;0;0;0;634,57;0;0;0;0;0;0;0;RJ;ICMS;OUTROS CREDITOS;9999;638874765018060
20180201;20180228;0;0;22,03;0;0;0;0;0;0;0;0;0;0;0;RJ;ICMS;OUTROS DEBITOS;9999;638874765018060
20180101;20180131;28101,21;0;0;0;0;0;0;0;0;27152,23;0;27152,23;0;0;;;;0;638874765018060
20180101;20180131;0;0;0;0;0;0;644,16;0;0;0;0;0;0;0;RJ;ICMS;OUTROS CREDITOS;9999;638874765018060
20180101;20180131;0;0;5,3;0;0;0;0;0;0;0;0;0;0;0;RJ;ICMS;OUTROS DEBITOS;9999;638874765018060
20181101;20181130;5351,06;0;0;0;0;0;0;0;0;4951,6;0;4951,6;0;0;;;;0;638874765018060
20181101;20181130;0;0;0;0;0;0;235,22;0;0;0;0;0;0;0;RJ;ICMS;OUTROS CREDITOS;9999;638874765018060
20181001;20181031;16513,33;0;0;0;0;0;0;0;0;15718,17;0;15718,17;0;0;;;;0;638874765018060
20181001;20181031;0;0;0;0;0;0;487,46;0;0;0;0;0;0;0;RJ;ICMS;OUTROS CREDITOS;9999;638874765018060
20180901;20180930;18361,73;0;0;0;0;0;0;0;0;17733,8;0;17733,8;0;0;;;;0;638874765018060
20180901;20180930;0;0;0;0;0;0;427,03;0;0;0;0;0;0;0;RJ;ICMS;OUTROS CREDITOS;9999;638874765018060
20180801;20180831;18729,1;0;0;0;0;0;0;0;0;17231,45;0;17231,45;0;0;;;;0;638874765018060
20180801;20180831;0;0;0;0;0;0;0;378,05;0;0;0;0;0;0;RJ;ICMS;ESTORNO DE DEBITOS;9999;638874765018060
20180801;20180831;0;0;0;0;0;0;685,62;0;0;0;0;0;0;0;RJ;ICMS;OUTROS CREDITOS;9999;638874765018060
20180701;20180731;19895,95;0;0;0;0;0;0;0;0;19248,76;0;19248,76;0;0;;;;0;638874765018060
20180701;20180731;0;0;0;0;0;0;0;11,02;0;0;0;0;0;0;RJ;ICMS;ESTORNO DE DEBITOS;9999;638874765018060
20180701;20180731;0;0;0;0;0;0;467,07;0;0;0;0;0;0;0;RJ;ICMS;OUTROS CREDITOS;9999;638874765018060
20180701;20180731;0;0;2,84;0;0;0;0;0;0;0;0;0;0;0;RJ;ICMS;OUTROS DEBITOS;9999;638874765018060
20180601;20180630;18627,94;0;0;0;0;0;0;0;0;17744,81;0;17744,81;0;0;;;;0;638874765018060
20180601;20180630;0;0;0;0;0;0;645,87;0;0;0;0;0;0;0;RJ;ICMS;OUTROS CREDITOS;9999;638874765018060
20180501;20180531;16760,65;0;0;0;0;0;0;0;0;16099,71;0;16099,71;0;0;;;;0;638874765018060
20180501;20180531;0;0;0;0;0;0;449,14;0;0;0;0;0;0;0;RJ;ICMS;OUTROS CREDITOS;9999;638874765018060
20180401;20180430;19878,6;0;0;0;0;0;0;0;0;19108,47;0;19108,47;0;0;;;;0;638874765018060
20180401;20180430;0;0;0;0;0;0;618,37;0;0;0;0;0;0;0;RJ;ICMS;OUTROS CREDITOS;9999;638874765018060
20181201;20181231;19484,67;0;0;0;0;0;0;0;0;18588,93;0;18588,93;0;0;;;;0;638874765018060
20181201;20181231;0;0;0;0;0;0;746,38;0;0;0;0;0;0;0;RJ;ICMS;OUTROS CREDITOS;9999;638874765018060
20180201;20180228;22542,49;0;0;0;0;0;0;0;0;21269,12;0;21269,12;0;0;;;;0;638874765028365
20180201;20180228;0;0;0;0;0;0;471,31;0;0;0;0;0;0;0;RJ;ICMS;OUTROS CREDITOS;9999;638874765028365
20180101;20180131;28771,83;0;0;0;0;0;0;0;0;27220,1;0;27220,1;0;0;;;;0;638874765028365
20180101;20180131;0;0;0;0;0;0;602,72;0;0;0;0;0;0;0;RJ;ICMS;OUTROS CREDITOS;9999;638874765028365
20181001;20181031;24927,69;0;0;0;0;0;0;0;0;23504,59;0;23504,59;0;0;;;;0;638874765028365
20181001;20181031;0;0;0;0;0;0;603,17;0;0;0;0;0;0;0;RJ;ICMS;OUTROS CREDITOS;9999;638874765028365
20180901;20180930;24525,37;0;0;0;0;0;0;0;0;22970,63;0;22970,63;0;0;;;;0;638874765028365
20180901;20180930;0;0;0;0;0;0;505,81;0;0;0;0;0;0;0;RJ;ICMS;OUTROS CREDITOS;9999;638874765028365
20180801;20180831;23644,89;0;0;0;0;0;0;0;0;21894,62;0;21894,62;0;0;;;;0;638874765028365
20180801;20180831;0;0;0;0;0;0;0;208,98;0;0;0;0;0;0;RJ;ICMS;ESTORNO DE DEBITOS;9999;638874765028365
20180801;20180831;0;0;0;0;0;0;729,93;0;0;0;0;0;0;0;RJ;ICMS;OUTROS CREDITOS;9999;638874765028365
20180701;20180731;28437,13;0;0;0;0;0;0;0;0;26748,22;0;26748,22;0;0;;;;0;638874765028365
20180701;20180731;0;0;0;0;0;0;0;8,57;0;0;0;0;0;0;RJ;ICMS;ESTORNO DE DEBITOS;9999;638874765028365
20180701;20180731;0;0;0;0;0;0;636,68;0;0;0;0;0;0;0;RJ;ICMS;OUTROS CREDITOS;9999;638874765028365
20180701;20180731;0;0;2,44;0;0;0;0;0;0;0;0;0;0;0;RJ;ICMS;OUTROS DEBITOS;9999;638874765028365
20180601;20180630;23426,03;0;0;0;0;0;0;0;0;21880,92;0;21880,92;0;0;;;;0;638874765028365
20180601;20180630;0;0;0;0;0;0;0;4,86;0;0;0;0;0;0;RJ;ICMS;ESTORNO DE DEBITOS;9999;638874765028365
20180601;20180630;0;0;0;0;0;0;613,96;0;0;0;0;0;0;0;RJ;ICMS;OUTROS CREDITOS;9999;638874765028365
20180501;20180531;21706,53;0;0;0;0;0;0;0;0;20384,24;0;20384,24;0;0;;;;0;638874765028365
20180501;20180531;0;0;0;0;0;0;633,97;0;0;0;0;0;0;0;RJ;ICMS;OUTROS CREDITOS;9999;638874765028365
20180401;20180430;24523,41;0;0;0;0;0;0;0;0;23235,3;0;23235,3;0;0;;;;0;638874765028365
20180401;20180430;0;0;0;0;0;0;586,48;0;0;0;0;0;0;0;RJ;ICMS;OUTROS CREDITOS;9999;638874765028365
20180301;20180331;26412,38;0;0;0;0;0;0;0;0;25062,61;0;25062,61;0;0;;;;0;638874765028365
20180301;20180331;0;0;0;0;0;0;631,23;0;0;0;0;0;0;0;RJ;ICMS;OUTROS CREDITOS;9999;638874765028365
20181101;20181130;28020,69;0;0;0;0;0;0;0;0;26060,92;0;26060,92;0;0;;;;0;638874765028365
20181101;20181130;0;0;0;0;0;0;832,97;0;0;0;0;0;0;0;RJ;ICMS;OUTROS CREDITOS;9999;638874765028365
20180201;20180228;32328,65;0;0;0;0;0;0;0;0;31086,17;0;31086,17;0;0;;;;0;638874765029580
20180201;20180228;0;0;0;0;0;0;634,03;0;0;0;0;0;0;0;RJ;ICMS;OUTROS CREDITOS;9999;638874765029580
20180201;20180228;0;0;140,85;0;0;0;0;0;0;0;0;0;0;0;RJ;ICMS;OUTROS DEBITOS;9999;638874765029580
20180101;20180131;43559,84;0;0;0;0;0;0;0;0;40774,07;0;40774,07;0;0;;;;0;638874765029580
20180101;20180131;0;0;0;0;0;0;1403,36;0;0;0;0;0;0;0;RJ;ICMS;OUTROS CREDITOS;9999;638874765029580
20180101;20180131;0;0;1,16;0;0;0;0;0;0;0;0;0;0;0;RJ;ICMS;OUTROS DEBITOS;9999;638874765029580
20181001;20181031;36640,63;0;0;0;0;0;0;0;0;33726,12;0;33726,12;0;0;;;;0;638874765029580
20181001;20181031;0;0;0;0;0;0;1148,62;0;0;0;0;0;0;0;RJ;ICMS;OUTROS CREDITOS;9999;638874765029580
20180901;20180930;34118,25;0;0;0;0;0;0;0;0;32586,11;0;32586,11;0;0;;;;0;638874765029580
20180901;20180930;0;0;0;0;0;0;797,56;0;0;0;0;0;0;0;RJ;ICMS;OUTROS CREDITOS;9999;638874765029580
20180801;20180831;34326,86;0;0;0;0;0;0;0;0;31842,23;0;31842,23;0;0;;;;0;638874765029580
20180801;20180831;0;0;0;0;0;0;0;468,6;0;0;0;0;0;0;RJ;ICMS;ESTORNO DE DEBITOS;9999;638874765029580
20180801;20180831;0;0;0;0;0;0;1128,67;0;0;0;0;0;0;0;RJ;ICMS;OUTROS CREDITOS;9999;638874765029580
20180701;20180731;40898,99;0;0;0;0;0;0;0;0;38225,04;0;38225,04;0;0;;;;0;638874765029580
20180701;20180731;0;0;0;0;0;0;953,76;0;0;0;0;0;0;0;RJ;ICMS;OUTROS CREDITOS;9999;638874765029580
20180601;20180630;33537,42;0;0;0;0;0;0;0;0;31540,67;0;31540,67;0;0;;;;0;638874765029580
20180601;20180630;0;0;0;0;0;0;1096,19;0;0;0;0;0;0;0;RJ;ICMS;OUTROS CREDITOS;9999;638874765029580
20180501;20180531;31329,75;0;0;0;0;0;0;0;0;29834,04;0;29834,04;0;0;;;;0;638874765029580
20180501;20180531;0;0;0;0;0;0;840,4;0;0;0;0;0;0;0;RJ;ICMS;OUTROS CREDITOS;9999;638874765029580
20180401;20180430;34875,33;0;0;0;0;0;0;0;0;33162,66;0;33162,66;0;0;;;;0;638874765029580
20180401;20180430;0;0;0;0;0;0;972,68;0;0;0;0;0;0;0;RJ;ICMS;OUTROS CREDITOS;9999;638874765029580
20180301;20180331;39696,52;0;0;0;0;0;0;0;0;38051,98;0;38051,98;0;0;;;;0;638874765029580
20180301;20180331;0;0;0;0;0;0;945,02;0;0;0;0;0;0;0;RJ;ICMS;OUTROS CREDITOS;9999;638874765029580
20181101;20181130;40098,19;0;0;0;0;0;0;0;0;37692,02;0;37692,02;0;0;;;;0;638874765029580
20181101;20181130;0;0;0;0;0;0;1090,25;0;0;0;0;0;0;0;RJ;ICMS;OUTROS CREDITOS;9999;638874765029580
20180201;20180228;15869,34;0;0;0;0;0;0;0;0;15277,88;0;15277,88;0;0;;;;0;638874765039000
20180201;20180228;0;0;0;0;0;0;404,16;0;0;0;0;0;0;0;RJ;ICMS;OUTROS CREDITOS;9999;638874765039000
20180201;20180228;20641,82;0;0;0;0;0;0;0;0;19783,64;0;19783,64;0;0;;;;0;638874765042945
20180201;20180228;0;0;0;0;0;0;670,88;0;0;0;0;0;0;0;RJ;ICMS;OUTROS CREDITOS;9999;638874765042945
20180201;20180228;23490,74;0;0;0;0;0;0;0;0;22144,93;0;22144,93;0;0;;;;0;638874765044160
20180201;20180228;0;0;0;0;0;0;599,69;0;0;0;0;0;0;0;RJ;ICMS;OUTROS CREDITOS;9999;638874765044160
20180201;20180228;0;0;2,96;0;0;0;0;0;0;0;0;0;0;0;RJ;ICMS;OUTROS DEBITOS;9999;638874765044160
20190301;20190331;48094,05;0;0;0;0;0;0;0;0;50072,03;0;50072,03;0;0;;;;0;638874765431235
20190301;20190331;0;0;0;0;0;0;22,26;0;0;0;0;0;0;0;SP;ICMS;OUTROS CREDITOS;799;638874765431235
20190301;20190331;0;0;0;0;0;0;22,82;0;0;0;0;0;0;0;SP;ICMS;OUTROS CREDITOS;799;638874765431235
20190301;20190331;0;0;33,4;0;0;0;0;0;0;0;0;0;0;0;SP;ICMS;OUTROS DEBITOS;299;638874765431235
20190301;20190331;0;0;34,25;0;0;0;0;0;0;0;0;0;0;0;SP;ICMS;OUTROS DEBITOS;299;638874765431235
20190301;20190331;0;0;0;0;0;0;48,13;0;0;0;0;0;0;0;SP;ICMS;OUTROS CREDITOS;799;638874765431235
20190301;20190331;0;0;0;0;0;0;67,45;0;0;0;0;0;0;0;SP;ICMS;OUTROS CREDITOS;799;638874765431235
20190301;20190331;0;0;0;0;0;0;68,26;0;0;0;0;0;0;0;SP;ICMS;OUTROS CREDITOS;799;638874765431235
20190301;20190331;0;0;72,2;0;0;0;0;0;0;0;0;0;0;0;SP;ICMS;OUTROS DEBITOS;299;638874765431235
20190301;20190331;0;0;0;0;0;0;85,2;0;0;0;0;0;0;0;SP;ICMS;OUTROS CREDITOS;799;638874765431235
20190301;20190331;0;0;102,38;0;0;0;0;0;0;0;0;0;0;0;SP;ICMS;OUTROS DEBITOS;299;638874765431235
20190301;20190331;0;0;127,85;0;0;0;0;0;0;0;0;0;0;0;SP;ICMS;OUTROS DEBITOS;299;638874765431235
20190301;20190331;0;0;91,08;0;0;0;0;0;0;0;0;0;0;0;SP;ICMS;OUTROS DEBITOS;299;638874765431235
20190301;20190331;0;0;1830,94;0;0;0;0;0;0;0;0;0;0;0;SP;ICMS;OUTROS DEBITOS;299;638874765431235
20181001;20181031;2713,2;0;0;0;0;0;0;0;0;2713,2;0;2713,2;0;0;;;;0;638874765519495
20180101;20180131;38902,98;0;0;0;0;0;0;0;0;16023,56;0;16023,56;0;0;;;;0;638874765832185
20180101;20180131;0;0;11,38;0;0;0;0;0;0;0;0;0;0;0;MG;ICMS;OUTROS DEBITOS;9999;638874765832185
20180101;20180131;0;0;12,23;0;0;0;0;0;0;0;0;0;0;0;MG;ICMS;OUTROS DEBITOS;9999;638874765832185
20180101;20180131;0;0;35,89;0;0;0;0;0;0;0;0;0;0;0;MG;ICMS;OUTROS DEBITOS;9999;638874765832185
20180101;20180131;0;0;52,57;0;0;0;0;0;0;0;0;0;0;0;MG;ICMS;OUTROS DEBITOS;9999;638874765832185
20180101;20180131;0;0;66,32;0;0;0;0;0;0;0;0;0;0;0;MG;ICMS;OUTROS DEBITOS;9999;638874765832185
20180101;20180131;0;0;97,97;0;0;0;0;0;0;0;0;0;0;0;MG;ICMS;OUTROS DEBITOS;9999;638874765832185
20180101;20180131;0;0;128,21;0;0;0;0;0;0;0;0;0;0;0;MG;ICMS;OUTROS DEBITOS;9999;638874765832185
20180101;20180131;0;0;138,8;0;0;0;0;0;0;0;0;0;0;0;MG;ICMS;OUTROS DEBITOS;9999;638874765832185
20180101;20180131;0;0;140,41;0;0;0;0;0;0;0;0;0;0;0;MG;ICMS;OUTROS DEBITOS;9999;638874765832185
20180101;20180131;0;0;168,73;0;0;0;0;0;0;0;0;0;0;0;MG;ICMS;OUTROS DEBITOS;9999;638874765832185
20180101;20180131;0;0;188,14;0;0;0;0;0;0;0;0;0;0;0;MG;ICMS;OUTROS DEBITOS;9999;638874765832185
20180101;20180131;0;0;224,15;0;0;0;0;0;0;0;0;0;0;0;MG;ICMS;OUTROS DEBITOS;9999;638874765832185
20180101;20180131;0;0;321,68;0;0;0;0;0;0;0;0;0;0;0;MG;ICMS;OUTROS DEBITOS;9999;638874765832185
20180101;20180131;0;0;334,8;0;0;0;0;0;0;0;0;0;0;0;MG;ICMS;OUTROS DEBITOS;9999;638874765832185
20180101;20180131;0;0;166,26;0;0;0;0;0;0;0;0;0;0;0;MG;ICMS;OUTROS DEBITOS;9999;638874765832185
20180101;20180131;0;0;238,31;0;0;0;0;0;0;0;0;0;0;0;MG;ICMS;OUTROS DEBITOS;9999;638874765832185
20180101;20180131;0;0;256,74;0;0;0;0;0;0;0;0;0;0;0;MG;ICMS;OUTROS DEBITOS;9999;638874765832185
20180101;20180131;0;0;326,93;0;0;0;0;0;0;0;0;0;0;0;MG;ICMS;OUTROS DEBITOS;9999;638874765832185
20180101;20180131;0;0;345,91;0;0;0;0;0;0;0;0;0;0;0;MG;ICMS;OUTROS DEBITOS;9999;638874765832185
20180101;20180131;0;0;353,21;0;0;0;0;0;0;0;0;0;0;0;MG;ICMS;OUTROS DEBITOS;9999;638874765832185
20180101;20180131;0;0;357,12;0;0;0;0;0;0;0;0;0;0;0;MG;ICMS;OUTROS DEBITOS;9999;638874765832185
20180101;20180131;0;0;359,81;0;0;0;0;0;0;0;0;0;0;0;MG;ICMS;OUTROS DEBITOS;9999;638874765832185
20180101;20180131;0;0;361,85;0;0;0;0;0;0;0;0;0;0;0;MG;ICMS;OUTROS DEBITOS;9999;638874765832185
20180101;20180131;0;0;372,6;0;0;0;0;0;0;0;0;0;0;0;MG;ICMS;OUTROS DEBITOS;9999;638874765832185
20180101;20180131;0;0;374,73;0;0;0;0;0;0;0;0;0;0;0;MG;ICMS;OUTROS DEBITOS;9999;638874765832185
20180101;20180131;0;0;397,87;0;0;0;0;0;0;0;0;0;0;0;MG;ICMS;OUTROS DEBITOS;9999;638874765832185
20180101;20180131;0;0;398,58;0;0;0;0;0;0;0;0;0;0;0;MG;ICMS;OUTROS DEBITOS;9999;638874765832185
20180101;20180131;0;0;403,55;0;0;0;0;0;0;0;0;0;0;0;MG;ICMS;OUTROS DEBITOS;9999;638874765832185
20180101;20180131;0;0;428,18;0;0;0;0;0;0;0;0;0;0;0;MG;ICMS;OUTROS DEBITOS;9999;638874765832185
20180101;20180131;0;0;432,59;0;0;0;0;0;0;0;0;0;0;0;MG;ICMS;OUTROS DEBITOS;9999;638874765832185
20180101;20180131;0;0;435,03;0;0;0;0;0;0;0;0;0;0;0;MG;ICMS;OUTROS DEBITOS;9999;638874765832185
20180101;20180131;0;0;438;0;0;0;0;0;0;0;0;0;0;0;MG;ICMS;OUTROS DEBITOS;9999;638874765832185
20180101;20180131;0;0;447,1;0;0;0;0;0;0;0;0;0;0;0;MG;ICMS;OUTROS DEBITOS;9999;638874765832185
20180101;20180131;0;0;454,57;0;0;0;0;0;0;0;0;0;0;0;MG;ICMS;OUTROS DEBITOS;9999;638874765832185
20180101;20180131;0;0;456,54;0;0;0;0;0;0;0;0;0;0;0;MG;ICMS;OUTROS DEBITOS;9999;638874765832185
20180101;20180131;0;0;486,38;0;0;0;0;0;0;0;0;0;0;0;MG;ICMS;OUTROS DEBITOS;9999;638874765832185
20180101;20180131;0;0;499,55;0;0;0;0;0;0;0;0;0;0;0;MG;ICMS;OUTROS DEBITOS;9999;638874765832185
20180101;20180131;0;0;503,09;0;0;0;0;0;0;0;0;0;0;0;MG;ICMS;OUTROS DEBITOS;9999;638874765832185
20180101;20180131;0;0;522,3;0;0;0;0;0;0;0;0;0;0;0;MG;ICMS;OUTROS DEBITOS;9999;638874765832185
20180101;20180131;0;0;538,46;0;0;0;0;0;0;0;0;0;0;0;MG;ICMS;OUTROS DEBITOS;9999;638874765832185
20180101;20180131;0;0;554,64;0;0;0;0;0;0;0;0;0;0;0;MG;ICMS;OUTROS DEBITOS;9999;638874765832185
20180101;20180131;0;0;578,15;0;0;0;0;0;0;0;0;0;0;0;MG;ICMS;OUTROS DEBITOS;9999;638874765832185
20180101;20180131;0;0;612,11;0;0;0;0;0;0;0;0;0;0;0;MG;ICMS;OUTROS DEBITOS;9999;638874765832185
20180101;20180131;0;0;636,14;0;0;0;0;0;0;0;0;0;0;0;MG;ICMS;OUTROS DEBITOS;9999;638874765832185
20180101;20180131;0;0;643,25;0;0;0;0;0;0;0;0;0;0;0;MG;ICMS;OUTROS DEBITOS;9999;638874765832185
20180101;20180131;0;0;0;0;0;0;0;667,26;0;0;0;0;0;0;MG;ICMS;ESTORNO DE DEBITOS;9999;638874765832185
20180101;20180131;0;0;0;0;0;0;0;718,89;0;0;0;0;0;0;MG;ICMS;ESTORNO DE DEBITOS;9999;638874765832185
20180101;20180131;0;0;722,73;0;0;0;0;0;0;0;0;0;0;0;MG;ICMS;OUTROS DEBITOS;9999;638874765832185
20180101;20180131;0;0;0;0;0;0;0;915,43;0;0;0;0;0;0;MG;ICMS;ESTORNO DE DEBITOS;9999;638874765832185
20180101;20180131;0;0;0;0;0;0;0;921,29;0;0;0;0;0;0;MG;ICMS;ESTORNO DE DEBITOS;9999;638874765832185
20180101;20180131;0;0;0;0;0;0;0;988,97;0;0;0;0;0;0;MG;ICMS;ESTORNO DE DEBITOS;9999;638874765832185
20180101;20180131;0;0;0;0;0;0;0;999,93;0;0;0;0;0;0;MG;ICMS;ESTORNO DE DEBITOS;9999;638874765832185
20180101;20180131;0;0;0;0;0;0;0;1007,48;0;0;0;0;0;0;MG;ICMS;ESTORNO DE DEBITOS;9999;638874765832185
20180101;20180131;0;0;0;0;0;0;0;1013,18;0;0;0;0;0;0;MG;ICMS;ESTORNO DE DEBITOS;9999;638874765832185
20180101;20180131;0;0;0;0;0;0;0;1043,29;0;0;0;0;0;0;MG;ICMS;ESTORNO DE DEBITOS;9999;638874765832185
20180101;20180131;0;0;0;0;0;0;0;1049,25;0;0;0;0;0;0;MG;ICMS;ESTORNO DE DEBITOS;9999;638874765832185
20180101;20180131;0;0;0;0;0;0;0;1114,03;0;0;0;0;0;0;MG;ICMS;ESTORNO DE DEBITOS;9999;638874765832185
20180101;20180131;0;0;0;0;0;0;0;1116,02;0;0;0;0;0;0;MG;ICMS;ESTORNO DE DEBITOS;9999;638874765832185
20180101;20180131;0;0;0;0;0;0;0;1129,95;0;0;0;0;0;0;MG;ICMS;ESTORNO DE DEBITOS;9999;638874765832185
20180101;20180131;0;0;0;0;0;0;0;1180,29;0;0;0;0;0;0;MG;ICMS;ESTORNO DE DEBITOS;9999;638874765832185
20180101;20180131;0;0;0;0;0;0;0;1198,91;0;0;0;0;0;0;MG;ICMS;ESTORNO DE DEBITOS;9999;638874765832185
20180101;20180131;0;0;0;0;0;0;0;1218,07;0;0;0;0;0;0;MG;ICMS;ESTORNO DE DEBITOS;9999;638874765832185
20180101;20180131;0;0;0;0;0;0;0;1226,39;0;0;0;0;0;0;MG;ICMS;ESTORNO DE DEBITOS;9999;638874765832185
20180101;20180131;0;0;0;0;0;0;0;1251,9;0;0;0;0;0;0;MG;ICMS;ESTORNO DE DEBITOS;9999;638874765832185
20180101;20180131;0;0;0;0;0;0;0;1272,8;0;0;0;0;0;0;MG;ICMS;ESTORNO DE DEBITOS;9999;638874765832185
20180101;20180131;0;0;0;0;0;0;0;1278,3;0;0;0;0;0;0;MG;ICMS;ESTORNO DE DEBITOS;9999;638874765832185
20180101;20180131;0;0;0;0;0;0;0;1322,17;0;0;0;0;0;0;MG;ICMS;ESTORNO DE DEBITOS;9999;638874765832185
20180101;20180131;0;0;0;0;0;0;0;1398,75;0;0;0;0;0;0;MG;ICMS;ESTORNO DE DEBITOS;9999;638874765832185
20180101;20180131;0;0;0;0;0;0;0;1408,65;0;0;0;0;0;0;MG;ICMS;ESTORNO DE DEBITOS;9999;638874765832185
20180101;20180131;0;0;0;0;0;0;0;1462,43;0;0;0;0;0;0;MG;ICMS;ESTORNO DE DEBITOS;9999;638874765832185
20180101;20180131;0;0;0;0;0;0;0;1507,68;0;0;0;0;0;0;MG;ICMS;ESTORNO DE DEBITOS;9999;638874765832185
20180101;20180131;0;0;0;0;0;0;0;1552,99;0;0;0;0;0;0;MG;ICMS;ESTORNO DE DEBITOS;9999;638874765832185
20180101;20180131;0;0;0;0;0;0;0;1618,81;0;0;0;0;0;0;MG;ICMS;ESTORNO DE DEBITOS;9999;638874765832185
20180101;20180131;0;0;0;0;0;0;0;1713,91;0;0;0;0;0;0;MG;ICMS;ESTORNO DE DEBITOS;9999;638874765832185
20180101;20180131;0;0;0;0;0;0;0;1781,2;0;0;0;0;0;0;MG;ICMS;ESTORNO DE DEBITOS;9999;638874765832185
20180101;20180131;0;0;0;0;0;0;0;1801,12;0;0;0;0;0;0;MG;ICMS;ESTORNO DE DEBITOS;9999;638874765832185
20180101;20180131;0;0;0;0;0;0;0;2023,64;0;0;0;0;0;0;MG;ICMS;ESTORNO DE DEBITOS;9999;638874765832185
20190301;20190331;34422,25;0;0;0;0;0;0;0;0;34433,3;0;34433,3;0;0;;;;0;638874766078665
20190301;20190331;0;0;0;0;0;0;22;0;0;0;0;0;0;0;SP;ICMS;OUTROS CREDITOS;799;638874766078665
20190301;20190331;0;0;33,01;0;0;0;0;0;0;0;0;0;0;0;SP;ICMS;OUTROS DEBITOS;299;638874766078665
20190301;20190331;0;0;0;0;0;0;47,96;0;0;0;0;0;0;0;SP;ICMS;OUTROS CREDITOS;799;638874766078665
20190301;20190331;0;0;0;0;0;0;87,6;0;0;0;0;0;0;0;SP;ICMS;OUTROS CREDITOS;799;638874766078665
20190301;20190331;0;0;131,4;0;0;0;0;0;0;0;0;0;0;0;SP;ICMS;OUTROS DEBITOS;299;638874766078665
20190301;20190331;0;0;4;0;0;0;0;0;0;0;0;0;0;0;SP;ICMS;OUTROS DEBITOS;299;638874766078665
20190301;20190331;0;0;0,2;0;0;0;0;0;0;0;0;0;0;0;SP;ICMS;OUTROS DEBITOS;299;638874766078665
20190301;20190331;38375,25;0;0;0;0;0;0;0;0;37323,82;0;37323,82;0;0;;;;0;638874766196010
20190301;20190331;0;0;0;0;0;0;0;16,42;0;0;0;0;0;0;SP;ICMS;ESTORNO DE DEBITOS;899;638874766196010
20190301;20190331;0;0;0;0;0;0;29,07;0;0;0;0;0;0;0;SP;ICMS;OUTROS CREDITOS;799;638874766196010
20190301;20190331;0;0;0;0;0;0;0;32,34;0;0;0;0;0;0;SP;ICMS;ESTORNO DE DEBITOS;899;638874766196010
20190301;20190331;0;0;43,62;0;0;0;0;0;0;0;0;0;0;0;SP;ICMS;OUTROS DEBITOS;299;638874766196010
20190301;20190331;0;0;0;0;0;0;77,28;0;0;0;0;0;0;0;SP;ICMS;OUTROS CREDITOS;799;638874766196010
20190301;20190331;0;0;0;0;0;0;0;91,15;0;0;0;0;0;0;SP;ICMS;ESTORNO DE DEBITOS;899;638874766196010
20190301;20190331;0;0;0;0;0;0;101,17;0;0;0;0;0;0;0;SP;ICMS;OUTROS CREDITOS;799;638874766196010
20190301;20190331;0;0;115,92;0;0;0;0;0;0;0;0;0;0;0;SP;ICMS;OUTROS DEBITOS;299;638874766196010
20190301;20190331;0;0;151,78;0;0;0;0;0;0;0;0;0;0;0;SP;ICMS;OUTROS DEBITOS;299;638874766196010
20190301;20190331;0;0;0;0;0;0;1015,37;0;0;0;0;0;0;0;SP;ICMS;OUTROS CREDITOS;799;638874766196010
20190301;20190331;0;0;0;2871,7;0;0;0;0;0;0;0;0;0;0;SP;ICMS;ESTORNO DE CREDITOS;399;638874766196010
20190301;20190331;0;0;0,05;0;0;0;0;0;0;0;0;0;0;0;SP;ICMS;OUTROS DEBITOS;299;638874766196010
20180101;20180131;32643,03;0;0;0;0;0;0;0;0;13834,07;0;13834,07;0;0;;;;0;638874766560045
20180101;20180131;0;0;16,44;0;0;0;0;0;0;0;0;0;0;0;MG;ICMS;OUTROS DEBITOS;9999;638874766560045
20180101;20180131;0;0;18,03;0;0;0;0;0;0;0;0;0;0;0;MG;ICMS;OUTROS DEBITOS;9999;638874766560045
20180101;20180131;0;0;120;0;0;0;0;0;0;0;0;0;0;0;MG;ICMS;OUTROS DEBITOS;9999;638874766560045
20180101;20180131;0;0;133,22;0;0;0;0;0;0;0;0;0;0;0;MG;ICMS;OUTROS DEBITOS;9999;638874766560045
20180101;20180131;0;0;172,69;0;0;0;0;0;0;0;0;0;0;0;MG;ICMS;OUTROS DEBITOS;9999;638874766560045
20180101;20180131;0;0;179,83;0;0;0;0;0;0;0;0;0;0;0;MG;ICMS;OUTROS DEBITOS;9999;638874766560045
20180101;20180131;0;0;196,09;0;0;0;0;0;0;0;0;0;0;0;MG;ICMS;OUTROS DEBITOS;9999;638874766560045
20180101;20180131;0;0;202,69;0;0;0;0;0;0;0;0;0;0;0;MG;ICMS;OUTROS DEBITOS;9999;638874766560045
20180101;20180131;0;0;209,8;0;0;0;0;0;0;0;0;0;0;0;MG;ICMS;OUTROS DEBITOS;9999;638874766560045
20180101;20180131;0;0;223,49;0;0;0;0;0;0;0;0;0;0;0;MG;ICMS;OUTROS DEBITOS;9999;638874766560045
20180101;20180131;0;0;224,57;0;0;0;0;0;0;0;0;0;0;0;MG;ICMS;OUTROS DEBITOS;9999;638874766560045
20180101;20180131;0;0;266,12;0;0;0;0;0;0;0;0;0;0;0;MG;ICMS;OUTROS DEBITOS;9999;638874766560045
20180101;20180131;0;0;80,84;0;0;0;0;0;0;0;0;0;0;0;MG;ICMS;OUTROS DEBITOS;9999;638874766560045
20180101;20180131;0;0;251,49;0;0;0;0;0;0;0;0;0;0;0;MG;ICMS;OUTROS DEBITOS;9999;638874766560045
20180101;20180131;0;0;262,55;0;0;0;0;0;0;0;0;0;0;0;MG;ICMS;OUTROS DEBITOS;9999;638874766560045
20180101;20180131;0;0;291,38;0;0;0;0;0;0;0;0;0;0;0;MG;ICMS;OUTROS DEBITOS;9999;638874766560045
20180101;20180131;0;0;296,03;0;0;0;0;0;0;0;0;0;0;0;MG;ICMS;OUTROS DEBITOS;9999;638874766560045
20180101;20180131;0;0;308,65;0;0;0;0;0;0;0;0;0;0;0;MG;ICMS;OUTROS DEBITOS;9999;638874766560045
20180101;20180131;0;0;312,4;0;0;0;0;0;0;0;0;0;0;0;MG;ICMS;OUTROS DEBITOS;9999;638874766560045
20180101;20180131;0;0;317,63;0;0;0;0;0;0;0;0;0;0;0;MG;ICMS;OUTROS DEBITOS;9999;638874766560045
20180101;20180131;0;0;328,13;0;0;0;0;0;0;0;0;0;0;0;MG;ICMS;OUTROS DEBITOS;9999;638874766560045
20180101;20180131;0;0;335,46;0;0;0;0;0;0;0;0;0;0;0;MG;ICMS;OUTROS DEBITOS;9999;638874766560045
20180101;20180131;0;0;339,7;0;0;0;0;0;0;0;0;0;0;0;MG;ICMS;OUTROS DEBITOS;9999;638874766560045
20180101;20180131;0;0;353,82;0;0;0;0;0;0;0;0;0;0;0;MG;ICMS;OUTROS DEBITOS;9999;638874766560045
20180101;20180131;0;0;355,68;0;0;0;0;0;0;0;0;0;0;0;MG;ICMS;OUTROS DEBITOS;9999;638874766560045
20180101;20180131;0;0;362,65;0;0;0;0;0;0;0;0;0;0;0;MG;ICMS;OUTROS DEBITOS;9999;638874766560045
20180101;20180131;0;0;363,41;0;0;0;0;0;0;0;0;0;0;0;MG;ICMS;OUTROS DEBITOS;9999;638874766560045
20180101;20180131;0;0;365,1;0;0;0;0;0;0;0;0;0;0;0;MG;ICMS;OUTROS DEBITOS;9999;638874766560045
20180101;20180131;0;0;376;0;0;0;0;0;0;0;0;0;0;0;MG;ICMS;OUTROS DEBITOS;9999;638874766560045
20180101;20180131;0;0;385,09;0;0;0;0;0;0;0;0;0;0;0;MG;ICMS;OUTROS DEBITOS;9999;638874766560045
20180101;20180131;0;0;388;0;0;0;0;0;0;0;0;0;0;0;MG;ICMS;OUTROS DEBITOS;9999;638874766560045
20180101;20180131;0;0;403,16;0;0;0;0;0;0;0;0;0;0;0;MG;ICMS;OUTROS DEBITOS;9999;638874766560045
20180101;20180131;0;0;405,35;0;0;0;0;0;0;0;0;0;0;0;MG;ICMS;OUTROS DEBITOS;9999;638874766560045
20180101;20180131;0;0;418,78;0;0;0;0;0;0;0;0;0;0;0;MG;ICMS;OUTROS DEBITOS;9999;638874766560045
20180101;20180131;0;0;423,71;0;0;0;0;0;0;0;0;0;0;0;MG;ICMS;OUTROS DEBITOS;9999;638874766560045
20180101;20180131;0;0;425,53;0;0;0;0;0;0;0;0;0;0;0;MG;ICMS;OUTROS DEBITOS;9999;638874766560045
20180101;20180131;0;0;436,65;0;0;0;0;0;0;0;0;0;0;0;MG;ICMS;OUTROS DEBITOS;9999;638874766560045
20180101;20180131;0;0;437,86;0;0;0;0;0;0;0;0;0;0;0;MG;ICMS;OUTROS DEBITOS;9999;638874766560045
20180101;20180131;0;0;451,4;0;0;0;0;0;0;0;0;0;0;0;MG;ICMS;OUTROS DEBITOS;9999;638874766560045
20180101;20180131;0;0;460,05;0;0;0;0;0;0;0;0;0;0;0;MG;ICMS;OUTROS DEBITOS;9999;638874766560045
20180101;20180131;0;0;468,5;0;0;0;0;0;0;0;0;0;0;0;MG;ICMS;OUTROS DEBITOS;9999;638874766560045
20180101;20180131;0;0;473,16;0;0;0;0;0;0;0;0;0;0;0;MG;ICMS;OUTROS DEBITOS;9999;638874766560045
20180101;20180131;0;0;495,13;0;0;0;0;0;0;0;0;0;0;0;MG;ICMS;OUTROS DEBITOS;9999;638874766560045
20180101;20180131;0;0;497,81;0;0;0;0;0;0;0;0;0;0;0;MG;ICMS;OUTROS DEBITOS;9999;638874766560045
20180101;20180131;0;0;0;0;0;0;0;689,3;0;0;0;0;0;0;MG;ICMS;ESTORNO DE DEBITOS;9999;638874766560045
20180101;20180131;0;0;0;0;0;0;0;704,17;0;0;0;0;0;0;MG;ICMS;ESTORNO DE DEBITOS;9999;638874766560045
20180101;20180131;0;0;0;0;0;0;0;815,87;0;0;0;0;0;0;MG;ICMS;ESTORNO DE DEBITOS;9999;638874766560045
20180101;20180131;0;0;0;0;0;0;0;828,91;0;0;0;0;0;0;MG;ICMS;ESTORNO DE DEBITOS;9999;638874766560045
20180101;20180131;0;0;0;0;0;0;0;857,52;0;0;0;0;0;0;MG;ICMS;ESTORNO DE DEBITOS;9999;638874766560045
20180101;20180131;0;0;0;0;0;0;0;864,23;0;0;0;0;0;0;MG;ICMS;ESTORNO DE DEBITOS;9999;638874766560045
20180101;20180131;0;0;0;0;0;0;0;874,72;0;0;0;0;0;0;MG;ICMS;ESTORNO DE DEBITOS;9999;638874766560045
20180101;20180131;0;0;0;0;0;0;0;889,37;0;0;0;0;0;0;MG;ICMS;ESTORNO DE DEBITOS;9999;638874766560045
20180101;20180131;0;0;0;0;0;0;0;918,77;0;0;0;0;0;0;MG;ICMS;ESTORNO DE DEBITOS;9999;638874766560045
20180101;20180131;0;0;0;0;0;0;0;928,97;0;0;0;0;0;0;MG;ICMS;ESTORNO DE DEBITOS;9999;638874766560045
20180101;20180131;0;0;0;0;0;0;0;939,28;0;0;0;0;0;0;MG;ICMS;ESTORNO DE DEBITOS;9999;638874766560045
20180101;20180131;0;0;0;0;0;0;0;950,55;0;0;0;0;0;0;MG;ICMS;ESTORNO DE DEBITOS;9999;638874766560045
20180101;20180131;0;0;0;0;0;0;0;995,91;0;0;0;0;0;0;MG;ICMS;ESTORNO DE DEBITOS;9999;638874766560045
20180101;20180131;0;0;0;0;0;0;0;1015,42;0;0;0;0;0;0;MG;ICMS;ESTORNO DE DEBITOS;9999;638874766560045
20180101;20180131;0;0;0;0;0;0;0;1022,27;0;0;0;0;0;0;MG;ICMS;ESTORNO DE DEBITOS;9999;638874766560045
20180101;20180131;0;0;0;0;0;0;0;1052,81;0;0;0;0;0;0;MG;ICMS;ESTORNO DE DEBITOS;9999;638874766560045
20180101;20180131;0;0;0;0;0;0;0;1060,29;0;0;0;0;0;0;MG;ICMS;ESTORNO DE DEBITOS;9999;638874766560045
20180101;20180131;0;0;0;0;0;0;0;1078,25;0;0;0;0;0;0;MG;ICMS;ESTORNO DE DEBITOS;9999;638874766560045
20180101;20180131;0;0;0;0;0;0;0;1086,39;0;0;0;0;0;0;MG;ICMS;ESTORNO DE DEBITOS;9999;638874766560045
20180101;20180131;0;0;0;0;0;0;0;1134,98;0;0;0;0;0;0;MG;ICMS;ESTORNO DE DEBITOS;9999;638874766560045
20180101;20180131;0;0;0;0;0;0;0;1172,6;0;0;0;0;0;0;MG;ICMS;ESTORNO DE DEBITOS;9999;638874766560045
20180101;20180131;0;0;0;0;0;0;0;1191,49;0;0;0;0;0;0;MG;ICMS;ESTORNO DE DEBITOS;9999;638874766560045
20180101;20180131;0;0;0;0;0;0;0;1198,85;0;0;0;0;0;0;MG;ICMS;ESTORNO DE DEBITOS;9999;638874766560045
20180101;20180131;0;0;0;0;0;0;0;1226,01;0;0;0;0;0;0;MG;ICMS;ESTORNO DE DEBITOS;9999;638874766560045
20180101;20180131;0;0;0;0;0;0;0;1228,67;0;0;0;0;0;0;MG;ICMS;ESTORNO DE DEBITOS;9999;638874766560045
20180101;20180131;0;0;0;0;0;0;0;1263,94;0;0;0;0;0;0;MG;ICMS;ESTORNO DE DEBITOS;9999;638874766560045
20180101;20180131;0;0;0;0;0;0;0;1273,33;0;0;0;0;0;0;MG;ICMS;ESTORNO DE DEBITOS;9999;638874766560045
20180101;20180131;0;0;0;0;0;0;0;1288,14;0;0;0;0;0;0;MG;ICMS;ESTORNO DE DEBITOS;9999;638874766560045
20180101;20180131;0;0;0;0;0;0;0;1311,79;0;0;0;0;0;0;MG;ICMS;ESTORNO DE DEBITOS;9999;638874766560045
20180101;20180131;0;0;0;0;0;0;0;1386,37;0;0;0;0;0;0;MG;ICMS;ESTORNO DE DEBITOS;9999;638874766560045
20180101;20180131;0;0;0;0;0;0;0;1393,86;0;0;0;0;0;0;MG;ICMS;ESTORNO DE DEBITOS;9999;638874766560045
20180101;20180131;38828,37;0;0;0;0;0;0;0;0;16022,99;0;16022,99;0;0;;;;0;638874766891230
20180101;20180131;0;0;131,98;0;0;0;0;0;0;0;0;0;0;0;MG;ICMS;OUTROS DEBITOS;9999;638874766891230
20180101;20180131;0;0;307,49;0;0;0;0;0;0;0;0;0;0;0;MG;ICMS;OUTROS DEBITOS;9999;638874766891230
20180101;20180131;0;0;310,64;0;0;0;0;0;0;0;0;0;0;0;MG;ICMS;OUTROS DEBITOS;9999;638874766891230
20180101;20180131;0;0;317,27;0;0;0;0;0;0;0;0;0;0;0;MG;ICMS;OUTROS DEBITOS;9999;638874766891230
20180101;20180131;0;0;318,69;0;0;0;0;0;0;0;0;0;0;0;MG;ICMS;OUTROS DEBITOS;9999;638874766891230
20180101;20180131;0;0;339,1;0;0;0;0;0;0;0;0;0;0;0;MG;ICMS;OUTROS DEBITOS;9999;638874766891230
20180101;20180131;0;0;340,71;0;0;0;0;0;0;0;0;0;0;0;MG;ICMS;OUTROS DEBITOS;9999;638874766891230
20180101;20180131;0;0;351,83;0;0;0;0;0;0;0;0;0;0;0;MG;ICMS;OUTROS DEBITOS;9999;638874766891230
20180101;20180131;0;0;355,95;0;0;0;0;0;0;0;0;0;0;0;MG;ICMS;OUTROS DEBITOS;9999;638874766891230
20180101;20180131;0;0;362,12;0;0;0;0;0;0;0;0;0;0;0;MG;ICMS;OUTROS DEBITOS;9999;638874766891230
20180101;20180131;0;0;369,3;0;0;0;0;0;0;0;0;0;0;0;MG;ICMS;OUTROS DEBITOS;9999;638874766891230
20180101;20180131;0;0;369,95;0;0;0;0;0;0;0;0;0;0;0;MG;ICMS;OUTROS DEBITOS;9999;638874766891230
20180101;20180131;0;0;386;0;0;0;0;0;0;0;0;0;0;0;MG;ICMS;OUTROS DEBITOS;9999;638874766891230
20180101;20180131;0;0;403,71;0;0;0;0;0;0;0;0;0;0;0;MG;ICMS;OUTROS DEBITOS;9999;638874766891230
20180101;20180131;0;0;422,45;0;0;0;0;0;0;0;0;0;0;0;MG;ICMS;OUTROS DEBITOS;9999;638874766891230
20180101;20180131;0;0;424,93;0;0;0;0;0;0;0;0;0;0;0;MG;ICMS;OUTROS DEBITOS;9999;638874766891230
20180101;20180131;0;0;435,5;0;0;0;0;0;0;0;0;0;0;0;MG;ICMS;OUTROS DEBITOS;9999;638874766891230
20180101;20180131;0;0;436,46;0;0;0;0;0;0;0;0;0;0;0;MG;ICMS;OUTROS DEBITOS;9999;638874766891230
20180101;20180131;0;0;438,66;0;0;0;0;0;0;0;0;0;0;0;MG;ICMS;OUTROS DEBITOS;9999;638874766891230
20180101;20180131;0;0;441,37;0;0;0;0;0;0;0;0;0;0;0;MG;ICMS;OUTROS DEBITOS;9999;638874766891230
20180101;20180131;0;0;450,08;0;0;0;0;0;0;0;0;0;0;0;MG;ICMS;OUTROS DEBITOS;9999;638874766891230
20180101;20180131;0;0;498,78;0;0;0;0;0;0;0;0;0;0;0;MG;ICMS;OUTROS DEBITOS;9999;638874766891230
20180101;20180131;0;0;505,38;0;0;0;0;0;0;0;0;0;0;0;MG;ICMS;OUTROS DEBITOS;9999;638874766891230
20180101;20180131;0;0;521,18;0;0;0;0;0;0;0;0;0;0;0;MG;ICMS;OUTROS DEBITOS;9999;638874766891230
20180101;20180131;0;0;539,58;0;0;0;0;0;0;0;0;0;0;0;MG;ICMS;OUTROS DEBITOS;9999;638874766891230
20180101;20180131;0;0;555,61;0;0;0;0;0;0;0;0;0;0;0;MG;ICMS;OUTROS DEBITOS;9999;638874766891230
20180101;20180131;0;0;593,71;0;0;0;0;0;0;0;0;0;0;0;MG;ICMS;OUTROS DEBITOS;9999;638874766891230
20180101;20180131;0;0;593,96;0;0;0;0;0;0;0;0;0;0;0;MG;ICMS;OUTROS DEBITOS;9999;638874766891230
20180101;20180131;0;0;594,42;0;0;0;0;0;0;0;0;0;0;0;MG;ICMS;OUTROS DEBITOS;9999;638874766891230
20180101;20180131;0;0;594,69;0;0;0;0;0;0;0;0;0;0;0;MG;ICMS;OUTROS DEBITOS;9999;638874766891230
20180101;20180131;0;0;602,83;0;0;0;0;0;0;0;0;0;0;0;MG;ICMS;OUTROS DEBITOS;9999;638874766891230
20180101;20180131;0;0;715,64;0;0;0;0;0;0;0;0;0;0;0;MG;ICMS;OUTROS DEBITOS;9999;638874766891230
20180101;20180131;0;0;0;0;0;0;0;860,99;0;0;0;0;0;0;MG;ICMS;ESTORNO DE DEBITOS;9999;638874766891230
20180101;20180131;0;0;0;0;0;0;0;869,79;0;0;0;0;0;0;MG;ICMS;ESTORNO DE DEBITOS;9999;638874766891230
20180101;20180131;0;0;0;0;0;0;0;888,35;0;0;0;0;0;0;MG;ICMS;ESTORNO DE DEBITOS;9999;638874766891230
20180101;20180131;0;0;0;0;0;0;0;889,69;0;0;0;0;0;0;MG;ICMS;ESTORNO DE DEBITOS;9999;638874766891230
20180101;20180131;0;0;0;0;0;0;0;949,46;0;0;0;0;0;0;MG;ICMS;ESTORNO DE DEBITOS;9999;638874766891230
20180101;20180131;0;0;0;0;0;0;0;953,99;0;0;0;0;0;0;MG;ICMS;ESTORNO DE DEBITOS;9999;638874766891230
20180101;20180131;0;0;0;0;0;0;0;968,03;0;0;0;0;0;0;MG;ICMS;ESTORNO DE DEBITOS;9999;638874766891230
20180101;20180131;0;0;0;0;0;0;0;996,66;0;0;0;0;0;0;MG;ICMS;ESTORNO DE DEBITOS;9999;638874766891230
20180101;20180131;0;0;0;0;0;0;0;1007,09;0;0;0;0;0;0;MG;ICMS;ESTORNO DE DEBITOS;9999;638874766891230
20180101;20180131;0;0;0;0;0;0;0;1013,94;0;0;0;0;0;0;MG;ICMS;ESTORNO DE DEBITOS;9999;638874766891230
20180101;20180131;0;0;0;0;0;0;0;1035,84;0;0;0;0;0;0;MG;ICMS;ESTORNO DE DEBITOS;9999;638874766891230
20180101;20180131;0;0;0;0;0;0;0;1076,25;0;0;0;0;0;0;MG;ICMS;ESTORNO DE DEBITOS;9999;638874766891230
20180101;20180131;0;0;0;0;0;0;0;1130,4;0;0;0;0;0;0;MG;ICMS;ESTORNO DE DEBITOS;9999;638874766891230
20180101;20180131;0;0;0;0;0;0;0;1182,85;0;0;0;0;0;0;MG;ICMS;ESTORNO DE DEBITOS;9999;638874766891230
20180101;20180131;0;0;0;0;0;0;0;1185,26;0;0;0;0;0;0;MG;ICMS;ESTORNO DE DEBITOS;9999;638874766891230
20180101;20180131;0;0;0;0;0;0;0;1221,83;0;0;0;0;0;0;MG;ICMS;ESTORNO DE DEBITOS;9999;638874766891230
20180101;20180131;0;0;0;0;0;0;0;1222,1;0;0;0;0;0;0;MG;ICMS;ESTORNO DE DEBITOS;9999;638874766891230
20180101;20180131;0;0;0;0;0;0;0;1228,25;0;0;0;0;0;0;MG;ICMS;ESTORNO DE DEBITOS;9999;638874766891230
20180101;20180131;0;0;0;0;0;0;0;1235,84;0;0;0;0;0;0;MG;ICMS;ESTORNO DE DEBITOS;9999;638874766891230
20180101;20180131;0;0;0;0;0;0;0;1260,22;0;0;0;0;0;0;MG;ICMS;ESTORNO DE DEBITOS;9999;638874766891230
20180101;20180131;0;0;0;0;0;0;0;1396,59;0;0;0;0;0;0;MG;ICMS;ESTORNO DE DEBITOS;9999;638874766891230
20180101;20180131;0;0;0;0;0;0;0;1415,07;0;0;0;0;0;0;MG;ICMS;ESTORNO DE DEBITOS;9999;638874766891230
20180101;20180131;0;0;0;0;0;0;0;1427,49;0;0;0;0;0;0;MG;ICMS;ESTORNO DE DEBITOS;9999;638874766891230
20180101;20180131;0;0;0;0;0;0;0;1510,05;0;0;0;0;0;0;MG;ICMS;ESTORNO DE DEBITOS;9999;638874766891230
20180101;20180131;0;0;0;0;0;0;0;1555,7;0;0;0;0;0;0;MG;ICMS;ESTORNO DE DEBITOS;9999;638874766891230
20180101;20180131;0;0;0;0;0;0;0;1662,37;0;0;0;0;0;0;MG;ICMS;ESTORNO DE DEBITOS;9999;638874766891230
20180101;20180131;0;0;0;0;0;0;0;1663,08;0;0;0;0;0;0;MG;ICMS;ESTORNO DE DEBITOS;9999;638874766891230
20180101;20180131;0;0;0;0;0;0;0;1664,36;0;0;0;0;0;0;MG;ICMS;ESTORNO DE DEBITOS;9999;638874766891230
20180101;20180131;0;0;0;0;0;0;0;1665,14;0;0;0;0;0;0;MG;ICMS;ESTORNO DE DEBITOS;9999;638874766891230
20180101;20180131;0;0;0;0;0;0;0;1687,92;0;0;0;0;0;0;MG;ICMS;ESTORNO DE DEBITOS;9999;638874766891230
20180101;20180131;0;0;0;0;0;0;0;2003,77;0;0;0;0;0;0;MG;ICMS;ESTORNO DE DEBITOS;9999;638874766891230
20180101;20180131;0;0;10,14;0;0;0;0;0;0;0;0;0;0;0;MG;ICMS;OUTROS DEBITOS;9999;638874766891230
20180101;20180131;0;0;16,07;0;0;0;0;0;0;0;0;0;0;0;MG;ICMS;OUTROS DEBITOS;9999;638874766891230
20180101;20180131;0;0;17,18;0;0;0;0;0;0;0;0;0;0;0;MG;ICMS;OUTROS DEBITOS;9999;638874766891230
20180101;20180131;0;0;20,05;0;0;0;0;0;0;0;0;0;0;0;MG;ICMS;OUTROS DEBITOS;9999;638874766891230
20180101;20180131;0;0;29,75;0;0;0;0;0;0;0;0;0;0;0;MG;ICMS;OUTROS DEBITOS;9999;638874766891230
20180101;20180131;0;0;95,5;0;0;0;0;0;0;0;0;0;0;0;MG;ICMS;OUTROS DEBITOS;9999;638874766891230
20180101;20180131;0;0;183,03;0;0;0;0;0;0;0;0;0;0;0;MG;ICMS;OUTROS DEBITOS;9999;638874766891230
20180101;20180131;0;0;196,52;0;0;0;0;0;0;0;0;0;0;0;MG;ICMS;OUTROS DEBITOS;9999;638874766891230
20180101;20180131;0;0;265,22;0;0;0;0;0;0;0;0;0;0;0;MG;ICMS;OUTROS DEBITOS;9999;638874766891230
20180101;20180131;0;0;269,05;0;0;0;0;0;0;0;0;0;0;0;MG;ICMS;OUTROS DEBITOS;9999;638874766891230
20180101;20180131;0;0;278,71;0;0;0;0;0;0;0;0;0;0;0;MG;ICMS;OUTROS DEBITOS;9999;638874766891230
20180101;20180131;0;0;286,21;0;0;0;0;0;0;0;0;0;0;0;MG;ICMS;OUTROS DEBITOS;9999;638874766891230
20180101;20180131;0;0;325,59;0;0;0;0;0;0;0;0;0;0;0;MG;ICMS;OUTROS DEBITOS;9999;638874766891230
20180101;20180131;36543,98;0;0;0;0;0;0;0;0;15659,85;0;15659,85;0;0;;;;0;638874767062815
20180101;20180131;0;0;2,69;0;0;0;0;0;0;0;0;0;0;0;MG;ICMS;OUTROS DEBITOS;9999;638874767062815
20180101;20180131;0;0;19,12;0;0;0;0;0;0;0;0;0;0;0;MG;ICMS;OUTROS DEBITOS;9999;638874767062815
20180101;20180131;0;0;24,64;0;0;0;0;0;0;0;0;0;0;0;MG;ICMS;OUTROS DEBITOS;9999;638874767062815
20180101;20180131;0;0;37,79;0;0;0;0;0;0;0;0;0;0;0;MG;ICMS;OUTROS DEBITOS;9999;638874767062815
20180101;20180131;0;0;50,55;0;0;0;0;0;0;0;0;0;0;0;MG;ICMS;OUTROS DEBITOS;9999;638874767062815
20180101;20180131;0;0;68,93;0;0;0;0;0;0;0;0;0;0;0;MG;ICMS;OUTROS DEBITOS;9999;638874767062815
20180101;20180131;0;0;71,2;0;0;0;0;0;0;0;0;0;0;0;MG;ICMS;OUTROS DEBITOS;9999;638874767062815
20180101;20180131;0;0;132,35;0;0;0;0;0;0;0;0;0;0;0;MG;ICMS;OUTROS DEBITOS;9999;638874767062815
20180101;20180131;0;0;134,75;0;0;0;0;0;0;0;0;0;0;0;MG;ICMS;OUTROS DEBITOS;9999;638874767062815
20180101;20180131;0;0;139,27;0;0;0;0;0;0;0;0;0;0;0;MG;ICMS;OUTROS DEBITOS;9999;638874767062815
20180101;20180131;0;0;142,15;0;0;0;0;0;0;0;0;0;0;0;MG;ICMS;OUTROS DEBITOS;9999;638874767062815
20180101;20180131;0;0;175,09;0;0;0;0;0;0;0;0;0;0;0;MG;ICMS;OUTROS DEBITOS;9999;638874767062815
20180101;20180131;0;0;190,46;0;0;0;0;0;0;0;0;0;0;0;MG;ICMS;OUTROS DEBITOS;9999;638874767062815
20180101;20180131;0;0;204,3;0;0;0;0;0;0;0;0;0;0;0;MG;ICMS;OUTROS DEBITOS;9999;638874767062815
20180101;20180131;0;0;314,22;0;0;0;0;0;0;0;0;0;0;0;MG;ICMS;OUTROS DEBITOS;9999;638874767062815
20180101;20180131;0;0;337,48;0;0;0;0;0;0;0;0;0;0;0;MG;ICMS;OUTROS DEBITOS;9999;638874767062815
20180101;20180131;0;0;410,67;0;0;0;0;0;0;0;0;0;0;0;MG;ICMS;OUTROS DEBITOS;9999;638874767062815
20180101;20180131;0;0;111,38;0;0;0;0;0;0;0;0;0;0;0;MG;ICMS;OUTROS DEBITOS;9999;638874767062815
20180101;20180131;0;0;329,66;0;0;0;0;0;0;0;0;0;0;0;MG;ICMS;OUTROS DEBITOS;9999;638874767062815
20180101;20180131;0;0;347,85;0;0;0;0;0;0;0;0;0;0;0;MG;ICMS;OUTROS DEBITOS;9999;638874767062815
20180101;20180131;0;0;349,41;0;0;0;0;0;0;0;0;0;0;0;MG;ICMS;OUTROS DEBITOS;9999;638874767062815
20180101;20180131;0;0;358,18;0;0;0;0;0;0;0;0;0;0;0;MG;ICMS;OUTROS DEBITOS;9999;638874767062815
20180101;20180131;0;0;358,49;0;0;0;0;0;0;0;0;0;0;0;MG;ICMS;OUTROS DEBITOS;9999;638874767062815
20180101;20180131;0;0;360,99;0;0;0;0;0;0;0;0;0;0;0;MG;ICMS;OUTROS DEBITOS;9999;638874767062815
20180101;20180131;0;0;366,59;0;0;0;0;0;0;0;0;0;0;0;MG;ICMS;OUTROS DEBITOS;9999;638874767062815
20180101;20180131;0;0;376,58;0;0;0;0;0;0;0;0;0;0;0;MG;ICMS;OUTROS DEBITOS;9999;638874767062815
20180101;20180131;0;0;395,02;0;0;0;0;0;0;0;0;0;0;0;MG;ICMS;OUTROS DEBITOS;9999;638874767062815
20180101;20180131;0;0;395,03;0;0;0;0;0;0;0;0;0;0;0;MG;ICMS;OUTROS DEBITOS;9999;638874767062815
20180101;20180131;0;0;396,4;0;0;0;0;0;0;0;0;0;0;0;MG;ICMS;OUTROS DEBITOS;9999;638874767062815
20180101;20180131;0;0;401,6;0;0;0;0;0;0;0;0;0;0;0;MG;ICMS;OUTROS DEBITOS;9999;638874767062815
20180101;20180131;0;0;403,83;0;0;0;0;0;0;0;0;0;0;0;MG;ICMS;OUTROS DEBITOS;9999;638874767062815
20180101;20180131;0;0;404,55;0;0;0;0;0;0;0;0;0;0;0;MG;ICMS;OUTROS DEBITOS;9999;638874767062815
20180101;20180131;0;0;409,76;0;0;0;0;0;0;0;0;0;0;0;MG;ICMS;OUTROS DEBITOS;9999;638874767062815
20180101;20180131;0;0;409,9;0;0;0;0;0;0;0;0;0;0;0;MG;ICMS;OUTROS DEBITOS;9999;638874767062815
20180101;20180131;0;0;419,11;0;0;0;0;0;0;0;0;0;0;0;MG;ICMS;OUTROS DEBITOS;9999;638874767062815
20180101;20180131;0;0;430,64;0;0;0;0;0;0;0;0;0;0;0;MG;ICMS;OUTROS DEBITOS;9999;638874767062815
20180101;20180131;0;0;434,14;0;0;0;0;0;0;0;0;0;0;0;MG;ICMS;OUTROS DEBITOS;9999;638874767062815
20180101;20180131;0;0;436,25;0;0;0;0;0;0;0;0;0;0;0;MG;ICMS;OUTROS DEBITOS;9999;638874767062815
20180101;20180131;0;0;445,53;0;0;0;0;0;0;0;0;0;0;0;MG;ICMS;OUTROS DEBITOS;9999;638874767062815
20180101;20180131;0;0;453,68;0;0;0;0;0;0;0;0;0;0;0;MG;ICMS;OUTROS DEBITOS;9999;638874767062815
20180101;20180131;0;0;454,26;0;0;0;0;0;0;0;0;0;0;0;MG;ICMS;OUTROS DEBITOS;9999;638874767062815
20180101;20180131;0;0;460,64;0;0;0;0;0;0;0;0;0;0;0;MG;ICMS;OUTROS DEBITOS;9999;638874767062815
20180101;20180131;0;0;471,72;0;0;0;0;0;0;0;0;0;0;0;MG;ICMS;OUTROS DEBITOS;9999;638874767062815
20180101;20180131;0;0;473,15;0;0;0;0;0;0;0;0;0;0;0;MG;ICMS;OUTROS DEBITOS;9999;638874767062815
20180101;20180131;0;0;491,86;0;0;0;0;0;0;0;0;0;0;0;MG;ICMS;OUTROS DEBITOS;9999;638874767062815
20180101;20180131;0;0;500,57;0;0;0;0;0;0;0;0;0;0;0;MG;ICMS;OUTROS DEBITOS;9999;638874767062815
20180101;20180131;0;0;502,93;0;0;0;0;0;0;0;0;0;0;0;MG;ICMS;OUTROS DEBITOS;9999;638874767062815
20180101;20180131;0;0;509,21;0;0;0;0;0;0;0;0;0;0;0;MG;ICMS;OUTROS DEBITOS;9999;638874767062815
20180101;20180131;0;0;545,28;0;0;0;0;0;0;0;0;0;0;0;MG;ICMS;OUTROS DEBITOS;9999;638874767062815
20180101;20180131;0;0;0;0;0;0;0;923,04;0;0;0;0;0;0;MG;ICMS;ESTORNO DE DEBITOS;9999;638874767062815
20180101;20180131;0;0;0;0;0;0;0;972,46;0;0;0;0;0;0;MG;ICMS;ESTORNO DE DEBITOS;9999;638874767062815
20180101;20180131;0;0;0;0;0;0;0;978,34;0;0;0;0;0;0;MG;ICMS;ESTORNO DE DEBITOS;9999;638874767062815
20180101;20180131;0;0;0;0;0;0;0;1002,89;0;0;0;0;0;0;MG;ICMS;ESTORNO DE DEBITOS;9999;638874767062815
20180101;20180131;0;0;0;0;0;0;0;1003,77;0;0;0;0;0;0;MG;ICMS;ESTORNO DE DEBITOS;9999;638874767062815
20180101;20180131;0;0;0;0;0;0;0;1010,77;0;0;0;0;0;0;MG;ICMS;ESTORNO DE DEBITOS;9999;638874767062815
20180101;20180131;0;0;0;0;0;0;0;1026,47;0;0;0;0;0;0;MG;ICMS;ESTORNO DE DEBITOS;9999;638874767062815
20180101;20180131;0;0;0;0;0;0;0;1054,42;0;0;0;0;0;0;MG;ICMS;ESTORNO DE DEBITOS;9999;638874767062815
20180101;20180131;0;0;0;0;0;0;0;1106,06;0;0;0;0;0;0;MG;ICMS;ESTORNO DE DEBITOS;9999;638874767062815
20180101;20180131;0;0;0;0;0;0;0;1106,06;0;0;0;0;0;0;MG;ICMS;ESTORNO DE DEBITOS;9999;638874767062815
20180101;20180131;0;0;0;0;0;0;0;1109,93;0;0;0;0;0;0;MG;ICMS;ESTORNO DE DEBITOS;9999;638874767062815
20180101;20180131;0;0;0;0;0;0;0;1124,49;0;0;0;0;0;0;MG;ICMS;ESTORNO DE DEBITOS;9999;638874767062815
20180101;20180131;0;0;0;0;0;0;0;1124,81;0;0;0;0;0;0;MG;ICMS;ESTORNO DE DEBITOS;9999;638874767062815
20180101;20180131;0;0;0;0;0;0;0;1130,74;0;0;0;0;0;0;MG;ICMS;ESTORNO DE DEBITOS;9999;638874767062815
20180101;20180131;0;0;0;0;0;0;0;1147,33;0;0;0;0;0;0;MG;ICMS;ESTORNO DE DEBITOS;9999;638874767062815
20180101;20180131;0;0;0;0;0;0;0;1147,72;0;0;0;0;0;0;MG;ICMS;ESTORNO DE DEBITOS;9999;638874767062815
20180101;20180131;0;0;0;0;0;0;0;1173,5;0;0;0;0;0;0;MG;ICMS;ESTORNO DE DEBITOS;9999;638874767062815
20180101;20180131;0;0;0;0;0;0;0;1205,78;0;0;0;0;0;0;MG;ICMS;ESTORNO DE DEBITOS;9999;638874767062815
20180101;20180131;0;0;0;0;0;0;0;1215,6;0;0;0;0;0;0;MG;ICMS;ESTORNO DE DEBITOS;9999;638874767062815
20180101;20180131;0;0;0;0;0;0;0;1221,51;0;0;0;0;0;0;MG;ICMS;ESTORNO DE DEBITOS;9999;638874767062815
20180101;20180131;0;0;0;0;0;0;0;1221,81;0;0;0;0;0;0;MG;ICMS;ESTORNO DE DEBITOS;9999;638874767062815
20180101;20180131;0;0;0;0;0;0;0;1247,48;0;0;0;0;0;0;MG;ICMS;ESTORNO DE DEBITOS;9999;638874767062815
20180101;20180131;0;0;0;0;0;0;0;1262,4;0;0;0;0;0;0;MG;ICMS;ESTORNO DE DEBITOS;9999;638874767062815
20180101;20180131;0;0;0;0;0;0;0;1271,12;0;0;0;0;0;0;MG;ICMS;ESTORNO DE DEBITOS;9999;638874767062815
20180101;20180131;0;0;0;0;0;0;0;1303,8;0;0;0;0;0;0;MG;ICMS;ESTORNO DE DEBITOS;9999;638874767062815
20180101;20180131;0;0;0;0;0;0;0;1313,61;0;0;0;0;0;0;MG;ICMS;ESTORNO DE DEBITOS;9999;638874767062815
20180101;20180131;0;0;0;0;0;0;0;1377,2;0;0;0;0;0;0;MG;ICMS;ESTORNO DE DEBITOS;9999;638874767062815
20180101;20180131;0;0;0;0;0;0;0;1401,61;0;0;0;0;0;0;MG;ICMS;ESTORNO DE DEBITOS;9999;638874767062815
20180101;20180131;0;0;0;0;0;0;0;1406,69;0;0;0;0;0;0;MG;ICMS;ESTORNO DE DEBITOS;9999;638874767062815
20180101;20180131;0;0;0;0;0;0;0;1425,78;0;0;0;0;0;0;MG;ICMS;ESTORNO DE DEBITOS;9999;638874767062815
20180101;20180131;0;0;0;0;0;0;0;1526,79;0;0;0;0;0;0;MG;ICMS;ESTORNO DE DEBITOS;9999;638874767062815
20180101;20180131;30152,57;0;0;0;0;0;0;0;0;12755,53;0;12755,53;0;0;;;;0;638874767398860
20180101;20180131;0;0;10,91;0;0;0;0;0;0;0;0;0;0;0;MG;ICMS;OUTROS DEBITOS;9999;638874767398860
20180101;20180131;0;0;14,77;0;0;0;0;0;0;0;0;0;0;0;MG;ICMS;OUTROS DEBITOS;9999;638874767398860
20180101;20180131;0;0;14,96;0;0;0;0;0;0;0;0;0;0;0;MG;ICMS;OUTROS DEBITOS;9999;638874767398860
20180101;20180131;0;0;25,6;0;0;0;0;0;0;0;0;0;0;0;MG;ICMS;OUTROS DEBITOS;9999;638874767398860
20180101;20180131;0;0;33,44;0;0;0;0;0;0;0;0;0;0;0;MG;ICMS;OUTROS DEBITOS;9999;638874767398860
20180101;20180131;0;0;38,6;0;0;0;0;0;0;0;0;0;0;0;MG;ICMS;OUTROS DEBITOS;9999;638874767398860
20180101;20180131;0;0;54,28;0;0;0;0;0;0;0;0;0;0;0;MG;ICMS;OUTROS DEBITOS;9999;638874767398860
20180101;20180131;0;0;105,06;0;0;0;0;0;0;0;0;0;0;0;MG;ICMS;OUTROS DEBITOS;9999;638874767398860
20180101;20180131;0;0;117,99;0;0;0;0;0;0;0;0;0;0;0;MG;ICMS;OUTROS DEBITOS;9999;638874767398860
20180101;20180131;0;0;136,49;0;0;0;0;0;0;0;0;0;0;0;MG;ICMS;OUTROS DEBITOS;9999;638874767398860
20180101;20180131;0;0;144,52;0;0;0;0;0;0;0;0;0;0;0;MG;ICMS;OUTROS DEBITOS;9999;638874767398860
20180101;20180131;0;0;197,29;0;0;0;0;0;0;0;0;0;0;0;MG;ICMS;OUTROS DEBITOS;9999;638874767398860
20180101;20180131;0;0;210,65;0;0;0;0;0;0;0;0;0;0;0;MG;ICMS;OUTROS DEBITOS;9999;638874767398860
20180101;20180131;0;0;231,18;0;0;0;0;0;0;0;0;0;0;0;MG;ICMS;OUTROS DEBITOS;9999;638874767398860
20180101;20180131;0;0;238,27;0;0;0;0;0;0;0;0;0;0;0;MG;ICMS;OUTROS DEBITOS;9999;638874767398860
20180101;20180131;0;0;241,13;0;0;0;0;0;0;0;0;0;0;0;MG;ICMS;OUTROS DEBITOS;9999;638874767398860
20180101;20180131;0;0;159,95;0;0;0;0;0;0;0;0;0;0;0;MG;ICMS;OUTROS DEBITOS;9999;638874767398860
20180101;20180131;0;0;215,54;0;0;0;0;0;0;0;0;0;0;0;MG;ICMS;OUTROS DEBITOS;9999;638874767398860
20180101;20180131;0;0;219,98;0;0;0;0;0;0;0;0;0;0;0;MG;ICMS;OUTROS DEBITOS;9999;638874767398860
20180101;20180131;0;0;222,63;0;0;0;0;0;0;0;0;0;0;0;MG;ICMS;OUTROS DEBITOS;9999;638874767398860
20180101;20180131;0;0;241,67;0;0;0;0;0;0;0;0;0;0;0;MG;ICMS;OUTROS DEBITOS;9999;638874767398860
20180101;20180131;0;0;244,21;0;0;0;0;0;0;0;0;0;0;0;MG;ICMS;OUTROS DEBITOS;9999;638874767398860
20180101;20180131;0;0;266,9;0;0;0;0;0;0;0;0;0;0;0;MG;ICMS;OUTROS DEBITOS;9999;638874767398860
20180101;20180131;0;0;270,16;0;0;0;0;0;0;0;0;0;0;0;MG;ICMS;OUTROS DEBITOS;9999;638874767398860
20180101;20180131;0;0;283,88;0;0;0;0;0;0;0;0;0;0;0;MG;ICMS;OUTROS DEBITOS;9999;638874767398860
20180101;20180131;0;0;284,37;0;0;0;0;0;0;0;0;0;0;0;MG;ICMS;OUTROS DEBITOS;9999;638874767398860
20180101;20180131;0;0;284,66;0;0;0;0;0;0;0;0;0;0;0;MG;ICMS;OUTROS DEBITOS;9999;638874767398860
20180101;20180131;0;0;288,3;0;0;0;0;0;0;0;0;0;0;0;MG;ICMS;OUTROS DEBITOS;9999;638874767398860
20180101;20180131;0;0;288,67;0;0;0;0;0;0;0;0;0;0;0;MG;ICMS;OUTROS DEBITOS;9999;638874767398860
20180101;20180131;0;0;294,88;0;0;0;0;0;0;0;0;0;0;0;MG;ICMS;OUTROS DEBITOS;9999;638874767398860
20180101;20180131;0;0;299,13;0;0;0;0;0;0;0;0;0;0;0;MG;ICMS;OUTROS DEBITOS;9999;638874767398860
20180101;20180131;0;0;313,68;0;0;0;0;0;0;0;0;0;0;0;MG;ICMS;OUTROS DEBITOS;9999;638874767398860
20180101;20180131;0;0;324,78;0;0;0;0;0;0;0;0;0;0;0;MG;ICMS;OUTROS DEBITOS;9999;638874767398860
20180101;20180131;0;0;329;0;0;0;0;0;0;0;0;0;0;0;MG;ICMS;OUTROS DEBITOS;9999;638874767398860
20180101;20180131;0;0;342,21;0;0;0;0;0;0;0;0;0;0;0;MG;ICMS;OUTROS DEBITOS;9999;638874767398860
20180101;20180131;0;0;348,53;0;0;0;0;0;0;0;0;0;0;0;MG;ICMS;OUTROS DEBITOS;9999;638874767398860
20180101;20180131;0;0;376,81;0;0;0;0;0;0;0;0;0;0;0;MG;ICMS;OUTROS DEBITOS;9999;638874767398860
20180101;20180131;0;0;387,1;0;0;0;0;0;0;0;0;0;0;0;MG;ICMS;OUTROS DEBITOS;9999;638874767398860
20180101;20180131;0;0;392,16;0;0;0;0;0;0;0;0;0;0;0;MG;ICMS;OUTROS DEBITOS;9999;638874767398860
20180101;20180131;0;0;393,96;0;0;0;0;0;0;0;0;0;0;0;MG;ICMS;OUTROS DEBITOS;9999;638874767398860
20180101;20180131;0;0;456,34;0;0;0;0;0;0;0;0;0;0;0;MG;ICMS;OUTROS DEBITOS;9999;638874767398860
20180101;20180131;0;0;461,18;0;0;0;0;0;0;0;0;0;0;0;MG;ICMS;OUTROS DEBITOS;9999;638874767398860
20180101;20180131;0;0;462,97;0;0;0;0;0;0;0;0;0;0;0;MG;ICMS;OUTROS DEBITOS;9999;638874767398860
20180101;20180131;0;0;468,36;0;0;0;0;0;0;0;0;0;0;0;MG;ICMS;OUTROS DEBITOS;9999;638874767398860
20180101;20180131;0;0;475,19;0;0;0;0;0;0;0;0;0;0;0;MG;ICMS;OUTROS DEBITOS;9999;638874767398860
20180101;20180131;0;0;492,55;0;0;0;0;0;0;0;0;0;0;0;MG;ICMS;OUTROS DEBITOS;9999;638874767398860
20180101;20180131;0;0;522,06;0;0;0;0;0;0;0;0;0;0;0;MG;ICMS;OUTROS DEBITOS;9999;638874767398860
20180101;20180131;0;0;528,58;0;0;0;0;0;0;0;0;0;0;0;MG;ICMS;OUTROS DEBITOS;9999;638874767398860
20180101;20180131;0;0;0;0;0;0;0;583,38;0;0;0;0;0;0;MG;ICMS;ESTORNO DE DEBITOS;9999;638874767398860
20180101;20180131;0;0;0;0;0;0;0;603,52;0;0;0;0;0;0;MG;ICMS;ESTORNO DE DEBITOS;9999;638874767398860
20180101;20180131;0;0;0;0;0;0;0;623,36;0;0;0;0;0;0;MG;ICMS;ESTORNO DE DEBITOS;9999;638874767398860
20180101;20180131;0;0;0;0;0;0;0;676,66;0;0;0;0;0;0;MG;ICMS;ESTORNO DE DEBITOS;9999;638874767398860
20180101;20180131;0;0;0;0;0;0;0;683,78;0;0;0;0;0;0;MG;ICMS;ESTORNO DE DEBITOS;9999;638874767398860
20180101;20180131;0;0;0;0;0;0;0;747,31;0;0;0;0;0;0;MG;ICMS;ESTORNO DE DEBITOS;9999;638874767398860
20180101;20180131;0;0;0;0;0;0;0;756,46;0;0;0;0;0;0;MG;ICMS;ESTORNO DE DEBITOS;9999;638874767398860
20180101;20180131;0;0;0;0;0;0;0;794,85;0;0;0;0;0;0;MG;ICMS;ESTORNO DE DEBITOS;9999;638874767398860
20180101;20180131;0;0;0;0;0;0;0;796,22;0;0;0;0;0;0;MG;ICMS;ESTORNO DE DEBITOS;9999;638874767398860
20180101;20180131;0;0;0;0;0;0;0;797,04;0;0;0;0;0;0;MG;ICMS;ESTORNO DE DEBITOS;9999;638874767398860
20180101;20180131;0;0;0;0;0;0;0;807,24;0;0;0;0;0;0;MG;ICMS;ESTORNO DE DEBITOS;9999;638874767398860
20180101;20180131;0;0;0;0;0;0;0;808,28;0;0;0;0;0;0;MG;ICMS;ESTORNO DE DEBITOS;9999;638874767398860
20180101;20180131;0;0;0;0;0;0;0;825,67;0;0;0;0;0;0;MG;ICMS;ESTORNO DE DEBITOS;9999;638874767398860
20180101;20180131;0;0;0;0;0;0;0;837,57;0;0;0;0;0;0;MG;ICMS;ESTORNO DE DEBITOS;9999;638874767398860
20180101;20180131;0;0;0;0;0;0;0;878,3;0;0;0;0;0;0;MG;ICMS;ESTORNO DE DEBITOS;9999;638874767398860
20180101;20180131;0;0;0;0;0;0;0;909,39;0;0;0;0;0;0;MG;ICMS;ESTORNO DE DEBITOS;9999;638874767398860
20180101;20180131;0;0;0;0;0;0;0;921,2;0;0;0;0;0;0;MG;ICMS;ESTORNO DE DEBITOS;9999;638874767398860
20180101;20180131;0;0;0;0;0;0;0;958,18;0;0;0;0;0;0;MG;ICMS;ESTORNO DE DEBITOS;9999;638874767398860
20180101;20180131;0;0;0;0;0;0;0;975,87;0;0;0;0;0;0;MG;ICMS;ESTORNO DE DEBITOS;9999;638874767398860
20180101;20180131;0;0;0;0;0;0;0;1055,07;0;0;0;0;0;0;MG;ICMS;ESTORNO DE DEBITOS;9999;638874767398860
20180101;20180131;0;0;0;0;0;0;0;1083,86;0;0;0;0;0;0;MG;ICMS;ESTORNO DE DEBITOS;9999;638874767398860
20180101;20180131;0;0;0;0;0;0;0;1098,03;0;0;0;0;0;0;MG;ICMS;ESTORNO DE DEBITOS;9999;638874767398860
20180101;20180131;0;0;0;0;0;0;0;1103,09;0;0;0;0;0;0;MG;ICMS;ESTORNO DE DEBITOS;9999;638874767398860
20180101;20180131;0;0;0;0;0;0;0;1277,76;0;0;0;0;0;0;MG;ICMS;ESTORNO DE DEBITOS;9999;638874767398860
20180101;20180131;0;0;0;0;0;0;0;1291,31;0;0;0;0;0;0;MG;ICMS;ESTORNO DE DEBITOS;9999;638874767398860
20180101;20180131;0;0;0;0;0;0;0;1296,32;0;0;0;0;0;0;MG;ICMS;ESTORNO DE DEBITOS;9999;638874767398860
20180101;20180131;0;0;0;0;0;0;0;1311,41;0;0;0;0;0;0;MG;ICMS;ESTORNO DE DEBITOS;9999;638874767398860
20180101;20180131;0;0;0;0;0;0;0;1330,52;0;0;0;0;0;0;MG;ICMS;ESTORNO DE DEBITOS;9999;638874767398860
20180101;20180131;0;0;0;0;0;0;0;1379,12;0;0;0;0;0;0;MG;ICMS;ESTORNO DE DEBITOS;9999;638874767398860
20180101;20180131;0;0;0;0;0;0;0;1461,77;0;0;0;0;0;0;MG;ICMS;ESTORNO DE DEBITOS;9999;638874767398860
20180101;20180131;0;0;0;0;0;0;0;1480,03;0;0;0;0;0;0;MG;ICMS;ESTORNO DE DEBITOS;9999;638874767398860
